137ed4cd-5172-45a5-acdb-8e1de9a64e32,dwc:typeStatus,hypotype,16530
71b8ffab-444e-43f9-9a9c-5c42b0eaa5eb,dwc:continent,Europe,2877
0220907a-0463-4ae0-8a0b-77f5e80fff40,dwc:typeStatus,hypodigm,1661
5ab348ab-439a-4697-925c-d6abe0c09b92,dwc:preparations,"R ULNA, no distal epiphysis",2
0220907a-0463-4ae0-8a0b-77f5e80fff40,dwc:month,1,380
71b8ffab-444e-43f9-9a9c-5c42b0eaa5eb,dwc:preparations,"L TIBIA, WHOLE, ADULT",8
5ab348ab-439a-4697-925c-d6abe0c09b92,dwc:preparations,"L I,/RM1",1
71b8ffab-444e-43f9-9a9c-5c42b0eaa5eb,dwc:day,8,506
5ab348ab-439a-4697-925c-d6abe0c09b92,dwc:preparations,L dentary frag w mx,4
5ab348ab-439a-4697-925c-d6abe0c09b92,dwc:preparations,L METACARPAL I,1
71b8ffab-444e-43f9-9a9c-5c42b0eaa5eb,dwc:preparations,VERTEBRAE: 6 LUMBAR; SACRALS WITH RIBS; 2 CAUDAL; PARTIAL COUNTERPART,1
5ab348ab-439a-4697-925c-d6abe0c09b92,dwc:preparations,/DP2-DP4,5
71b8ffab-444e-43f9-9a9c-5c42b0eaa5eb,dwc:preparations,L P3/-P4/,22
5ab348ab-439a-4697-925c-d6abe0c09b92,dwc:preparations,LM/3,74
5ab348ab-439a-4697-925c-d6abe0c09b92,dwc:preparations,R DENTARY FRAG W M1-2,8
5ab348ab-439a-4697-925c-d6abe0c09b92,dwc:preparations,/R M FRAG,64
71b8ffab-444e-43f9-9a9c-5c42b0eaa5eb,dwc:preparations,"DISARTICULATED CAUDAL, NC",1
5ab348ab-439a-4697-925c-d6abe0c09b92,dwc:preparations,CHEEK TOOTH FRAGS,37
81316846-80cb-4913-8941-b31537761eb0,dwc:preparations,associated shell fragment,3
7b0809fb-fd62-4733-8f40-74ceb04cbcac,dwc:country,Australia,750
7b0809fb-fd62-4733-8f40-74ceb04cbcac,dwc:preparations,Dry - 30; Dry - 1,3
7b0809fb-fd62-4733-8f40-74ceb04cbcac,dwc:preparations,Dry - 85,6
271a9ce9-c6d3-4b63-a722-cb0adc48863f,dwc:preparations,whole animal (95% ethanol),8202
271a9ce9-c6d3-4b63-a722-cb0adc48863f,dwc:preparations,skull (dry); skin (dry); skin (dry) sample,210
271a9ce9-c6d3-4b63-a722-cb0adc48863f,dwc:preparations,tissue (ethanol); DNA (frozen: -20°C),256
271a9ce9-c6d3-4b63-a722-cb0adc48863f,dwc:island,New Ireland,279
271a9ce9-c6d3-4b63-a722-cb0adc48863f,dwc:typeStatus,Holotype of Histocidaris crassispina| Syntype of Porocidaris elegans,1
5ab348ab-439a-4697-925c-d6abe0c09b92,dwc:preparations,M1/ frag.,5
5ab348ab-439a-4697-925c-d6abe0c09b92,dwc:preparations,r maxilla fragment w anterior one molar,1
5ab348ab-439a-4697-925c-d6abe0c09b92,dwc:preparations,"partial splanchnocranium w r P3-4, M1-3",1
81316846-80cb-4913-8941-b31537761eb0,dwc:preparations,associated lower jaws,4
137ed4cd-5172-45a5-acdb-8e1de9a64e32,dwc:preparations,acetate peel; thin section,2
433d3c37-8dde-42e4-a344-2cb6605c5da2,taxonomicstatus,,75
71b8ffab-444e-43f9-9a9c-5c42b0eaa5eb,dwc:preparations,"R RADIUS, PROXIMAL, ADULT",32
81316846-80cb-4913-8941-b31537761eb0,dwc:preparations,tooth plate,8
71b8ffab-444e-43f9-9a9c-5c42b0eaa5eb,dwc:preparations,"JAW, L P/4-M/1 | Cast",4
71b8ffab-444e-43f9-9a9c-5c42b0eaa5eb,dwc:preparations,L DP/4,83
1c8d18f4-5af2-4d86-98d2-8a5ed06456e2,dwc:country,Netherlands,8
71b8ffab-444e-43f9-9a9c-5c42b0eaa5eb,dwc:preparations,L M3/-M4/,3
5ab348ab-439a-4697-925c-d6abe0c09b92,dwc:preparations,DENTARY W P3-M4,7
71b8ffab-444e-43f9-9a9c-5c42b0eaa5eb,dwc:preparations,JAW L P/3-M/2,1
5ab348ab-439a-4697-925c-d6abe0c09b92,dwc:preparations,MESOCUNEIFORM ?,1
271a9ce9-c6d3-4b63-a722-cb0adc48863f,dwc:preparations,skin (unknown),10
271a9ce9-c6d3-4b63-a722-cb0adc48863f,typestatus,holotype of protohymen readi,1
6c6f34ed-58a4-4ba2-b9c7-34524f79a349,dwc:typeStatus,syntype,19421
5ab348ab-439a-4697-925c-d6abe0c09b92,dwc:preparations,MX/ frag,9
6c6f34ed-58a4-4ba2-b9c7-34524f79a349,dwc:preparations,Unsectioned,8146
271a9ce9-c6d3-4b63-a722-cb0adc48863f,typestatus,voucher of mangora calcarifera,4
271a9ce9-c6d3-4b63-a722-cb0adc48863f,typestatus,holotype of demopterum gracile,1
271a9ce9-c6d3-4b63-a722-cb0adc48863f,dwc:typeStatus,Type of Tipulidea picta,13
6c6f34ed-58a4-4ba2-b9c7-34524f79a349,dwc:day,4,3317
b1f0612a-bc21-424f-b9c1-3bba69ad4f54,dwc:waterBody,,117925
db3181c9-48dd-489f-96ab-a5888f5a938c,dwc:nomenclaturalCode,,29395
db3181c9-48dd-489f-96ab-a5888f5a938c,typestatus,,29119
41b119de-f745-482d-be42-a0155bc76e5d,typestatus,plasto-holotype,106
271a9ce9-c6d3-4b63-a722-cb0adc48863f,dwc:typeStatus,Syntype of Camponotus macilentus duncanensis,3
271a9ce9-c6d3-4b63-a722-cb0adc48863f,typestatus,voucher of gnamptogenys triangularis,2
271a9ce9-c6d3-4b63-a722-cb0adc48863f,dwc:preparations,whole animal (RNAlater); partial animal (95% ethanol),2
271a9ce9-c6d3-4b63-a722-cb0adc48863f,dwc:typeStatus,Syntype of Anolis vincentii trinitatus,66
271a9ce9-c6d3-4b63-a722-cb0adc48863f,typestatus,holotype of sphaerodactylus williamsi,1
271a9ce9-c6d3-4b63-a722-cb0adc48863f,dwc:island,Tuckernuck Island,61
271a9ce9-c6d3-4b63-a722-cb0adc48863f,dwc:typeStatus,Paratype of Typhlops hectus,27
271a9ce9-c6d3-4b63-a722-cb0adc48863f,typestatus,paratype of prionodactylus marianus| additional material of prionodactylus marianus,13
271a9ce9-c6d3-4b63-a722-cb0adc48863f,dwc:typeStatus,Holotype of Metapliomerops latidorsatus,1
271a9ce9-c6d3-4b63-a722-cb0adc48863f,dwc:typeStatus,Paratype of Brachylophus vitiensis,3
271a9ce9-c6d3-4b63-a722-cb0adc48863f,dwc:typeStatus,Paratype of Pheidole scalaris,6
271a9ce9-c6d3-4b63-a722-cb0adc48863f,dwc:waterBody,Barents Sea,4
271a9ce9-c6d3-4b63-a722-cb0adc48863f,dwc:typeStatus,Paratype of Anolis cristatellus wileyae,18
271a9ce9-c6d3-4b63-a722-cb0adc48863f,typestatus,figured of petrocephalus simus,1
271a9ce9-c6d3-4b63-a722-cb0adc48863f,typestatus,paratype of mabuya bocagii,5
271a9ce9-c6d3-4b63-a722-cb0adc48863f,dwc:typeStatus,Paratype of Oedipus townsendi,4
271a9ce9-c6d3-4b63-a722-cb0adc48863f,dwc:typeStatus,Holotype of Azteca merida,1
6c6f34ed-58a4-4ba2-b9c7-34524f79a349,dwc:preparations,Bottle; Thin sections no remnants; Thin sections with remnants,392
6c6f34ed-58a4-4ba2-b9c7-34524f79a349,dwc:country,Germany,1673
f9a33279-d6ba-41c7-a511-ef6adfcb6e20,dwc:preparations,default - 81,10
5082e6c8-8f5b-4bf6-a930-e3e6de7bf6fb,typestatus,"holotype of sciapus rottensis statz, 1940",1
81316846-80cb-4913-8941-b31537761eb0,dwc:preparations,verterbra,12
667c2736-bcd3-4a6a-abf4-db5d2dc815c4,dwc:country,Austria,95
667c2736-bcd3-4a6a-abf4-db5d2dc815c4,dwc:identificationQualifier,Ephemoptera?,1
5ab348ab-439a-4697-925c-d6abe0c09b92,dwc:preparations,infructescence,95
5ab348ab-439a-4697-925c-d6abe0c09b92,dwc:preparations,right m/1 or m/2,46
5ab348ab-439a-4697-925c-d6abe0c09b92,dwc:preparations,"L dentary with p4,m1,m2",1
5ab348ab-439a-4697-925c-d6abe0c09b92,dwc:preparations,skull with right P3/-M3/+left dentary w partial m2-m3+right dentary w p4-m3,1
4dfb5828-3653-4604-ac00-db1e1da98b02,dwc:sex,,134
db3181c9-48dd-489f-96ab-a5888f5a938c,dwc:day,26,103
db3181c9-48dd-489f-96ab-a5888f5a938c,dwc:preparations,100% prepped - 15,119
1ba0bbad-28a7-4c50-8992-a028f79d1dc5,dwc:month,5,13050
271a9ce9-c6d3-4b63-a722-cb0adc48863f,dwc:typeStatus,Holotype of Tetramorium pleganon,1
271a9ce9-c6d3-4b63-a722-cb0adc48863f,dwc:typeStatus,Voucher of Ameiurus natalis,1
1ba0bbad-28a7-4c50-8992-a028f79d1dc5,dwc:preparations,PREP - 40,501
1ba0bbad-28a7-4c50-8992-a028f79d1dc5,dwc:preparations,PREP - 605,2
1ba0bbad-28a7-4c50-8992-a028f79d1dc5,dwc:preparations,PREP - 147,18
1ba0bbad-28a7-4c50-8992-a028f79d1dc5,dwc:preparations,PREP - 128,21
0e162e0a-bf3e-4710-9357-44258ca12abb,taxonrank,subspecies,114
0e162e0a-bf3e-4710-9357-44258ca12abb,dwc:preparations,HF processed - 24,4
271a9ce9-c6d3-4b63-a722-cb0adc48863f,typestatus,voucher of miliolina circularis,1
271a9ce9-c6d3-4b63-a722-cb0adc48863f,dwc:typeStatus,Syntype of Urocoptis nipensis,1
271a9ce9-c6d3-4b63-a722-cb0adc48863f,dwc:typeStatus,Paratype of Cyclostoma quinquefasciata,2
271a9ce9-c6d3-4b63-a722-cb0adc48863f,dwc:typeStatus,Paratype of Namopsilus pletus,1
271a9ce9-c6d3-4b63-a722-cb0adc48863f,dwc:typeStatus,Holotype of Anopsicus ceiba,1
271a9ce9-c6d3-4b63-a722-cb0adc48863f,typestatus,paratype of calliostoma (calliostoma) capcellesi,1
271a9ce9-c6d3-4b63-a722-cb0adc48863f,typestatus,paratype of aporrhais occidentalis mainensis,1
271a9ce9-c6d3-4b63-a722-cb0adc48863f,typestatus,paratype of opisthosiphon lucayanorus,4
ba77d411-4179-4dbd-b6c1-39b8a71ae795,taxonrank,class,925
271a9ce9-c6d3-4b63-a722-cb0adc48863f,typestatus,additional material of cyrtospirifer whitneyi var. gallatinensis,1
271a9ce9-c6d3-4b63-a722-cb0adc48863f,dwc:typeStatus,Holotype of Chrysometa eberhardi,1
271a9ce9-c6d3-4b63-a722-cb0adc48863f,typestatus,holotype of holoquiscalus jamaicensis bangsi,1
271a9ce9-c6d3-4b63-a722-cb0adc48863f,dwc:typeStatus,Paratype of Sphaerodactylus underwoodi,9
271a9ce9-c6d3-4b63-a722-cb0adc48863f,dwc:typeStatus,Paratype of Pheidole chocoensis,4
271a9ce9-c6d3-4b63-a722-cb0adc48863f,dwc:typeStatus,Holotype of Chloronerpes simplex allophyseus,1
271a9ce9-c6d3-4b63-a722-cb0adc48863f,typestatus,type of platynus obscurus,1
71b8ffab-444e-43f9-9a9c-5c42b0eaa5eb,dwc:preparations,"2 L MAX; L JAW FRAG, R JAW FRAG",1
5ab348ab-439a-4697-925c-d6abe0c09b92,dwc:preparations,3M/3,1
5ab348ab-439a-4697-925c-d6abe0c09b92,dwc:preparations,R M1/ post. frag.,25
271a9ce9-c6d3-4b63-a722-cb0adc48863f,dwc:island,Long Key,1
271a9ce9-c6d3-4b63-a722-cb0adc48863f,typestatus,holotype of psilopus longipennis,1
271a9ce9-c6d3-4b63-a722-cb0adc48863f,dwc:typeStatus,Type of Philonthus distans,1
5ab348ab-439a-4697-925c-d6abe0c09b92,dwc:preparations,sea urchin,6
271a9ce9-c6d3-4b63-a722-cb0adc48863f,dwc:typeStatus,Paratype of Anolis chrysolepis scypheus,10
271a9ce9-c6d3-4b63-a722-cb0adc48863f,dwc:country,Mexico/Panama,1
271a9ce9-c6d3-4b63-a722-cb0adc48863f,typestatus,holotype of euproops darrahi,1
271a9ce9-c6d3-4b63-a722-cb0adc48863f,dwc:typeStatus,Holotype of Palpelius albofasciatus,1
271a9ce9-c6d3-4b63-a722-cb0adc48863f,typestatus,paratype of morunasaurus groi,2
71b8ffab-444e-43f9-9a9c-5c42b0eaa5eb,dwc:preparations,R P/4-M/1-M/2 IN DENTARY,2
95ecb448-3c1f-4145-8565-4f6d51beb62c,dwc:country,Venezuela,31
5ab348ab-439a-4697-925c-d6abe0c09b92,dwc:preparations,P FRAG/,11
271a9ce9-c6d3-4b63-a722-cb0adc48863f,dwc:typeStatus,Genetic Voucher of Gasterosteus aculeatus,1
1ba0bbad-28a7-4c50-8992-a028f79d1dc5,dwc:preparations,PREP - 237,8
1ba0bbad-28a7-4c50-8992-a028f79d1dc5,dwc:country,CZECHOSLOVAKIA,22
271a9ce9-c6d3-4b63-a722-cb0adc48863f,typestatus,paralectotype of sternoptyx obscura,3
271a9ce9-c6d3-4b63-a722-cb0adc48863f,typestatus,holotype of bunocephalus salathei,1
5ab348ab-439a-4697-925c-d6abe0c09b92,dwc:preparations,r adult maxilla w M1-3,1
81316846-80cb-4913-8941-b31537761eb0,dwc:preparations,partial pelvis,20
5ab348ab-439a-4697-925c-d6abe0c09b92,dwc:preparations,prox femur,22
71b8ffab-444e-43f9-9a9c-5c42b0eaa5eb,dwc:preparations,R M1/-M2/ ?,1
5ab348ab-439a-4697-925c-d6abe0c09b92,dwc:preparations,r maxillary frag w M1-M3/,1
5ab348ab-439a-4697-925c-d6abe0c09b92,dwc:preparations,"caudal osteoderm, juv",3
271a9ce9-c6d3-4b63-a722-cb0adc48863f,typestatus,voucher of evacis rubra| voucher of thesea rubra,1
433d3c37-8dde-42e4-a344-2cb6605c5da2,taxonomicstatus,doubtful,17
271a9ce9-c6d3-4b63-a722-cb0adc48863f,typestatus,voucher of echinus bigranularis| voucher of echinus bigranularis| holotype of stomechinus bigranularis,1
5ab348ab-439a-4697-925c-d6abe0c09b92,dwc:preparations,Abdomen,2
5ab348ab-439a-4697-925c-d6abe0c09b92,dwc:preparations,m1/2,5
271a9ce9-c6d3-4b63-a722-cb0adc48863f,dwc:typeStatus,Type of Bledius morsei,1
5ab348ab-439a-4697-925c-d6abe0c09b92,dwc:preparations,right maxilla fragment,3
6c6f34ed-58a4-4ba2-b9c7-34524f79a349,dwc:preparations,Bottle; Boxes and vials; Sample bag; Thin sections no remnants; Thin sections with remnants,5
271a9ce9-c6d3-4b63-a722-cb0adc48863f,typestatus,voucher of parodon caliensis,2
271a9ce9-c6d3-4b63-a722-cb0adc48863f,dwc:typeStatus,Additional Material of Cumberlandia monodonta,1
271a9ce9-c6d3-4b63-a722-cb0adc48863f,dwc:preparations,tissue (alcohol); partial skeleton (alcohol),1
271a9ce9-c6d3-4b63-a722-cb0adc48863f,dwc:typeStatus,Paratype of Amphilimna pentacantha,2
271a9ce9-c6d3-4b63-a722-cb0adc48863f,typestatus,holotype of tanagra violacea rodwayi,1
271a9ce9-c6d3-4b63-a722-cb0adc48863f,dwc:typeStatus,Voucher of Nidorellia armata,3
271a9ce9-c6d3-4b63-a722-cb0adc48863f,typestatus,syntype of amalopis inconstans,7
271a9ce9-c6d3-4b63-a722-cb0adc48863f,dwc:typeStatus,Lectotype of Prionus heros| Syntype of Prionus heros,1
271a9ce9-c6d3-4b63-a722-cb0adc48863f,typestatus,voucher of astronesthes gemmifer,3
271a9ce9-c6d3-4b63-a722-cb0adc48863f,dwc:typeStatus,Voucher of Lamprologus brichardi,1
271a9ce9-c6d3-4b63-a722-cb0adc48863f,typestatus,voucher of lampanyctus vadulus,2
271a9ce9-c6d3-4b63-a722-cb0adc48863f,typestatus,voucher of loxotrema turritum,1
271a9ce9-c6d3-4b63-a722-cb0adc48863f,dwc:typeStatus,Syntype of Oribatella brevicornuta,3
271a9ce9-c6d3-4b63-a722-cb0adc48863f,typestatus,syntype of limatula setifera,1
271a9ce9-c6d3-4b63-a722-cb0adc48863f,typestatus,paratype of liguus fasciatus clenchi,2
271a9ce9-c6d3-4b63-a722-cb0adc48863f,dwc:typeStatus,Holotype of Brevipalpus bumeliae,1
271a9ce9-c6d3-4b63-a722-cb0adc48863f,dwc:typeStatus,Paratype of Sphaeriodesmus hondurasanus,2
271a9ce9-c6d3-4b63-a722-cb0adc48863f,dwc:typeStatus,Paratype of Turbonilla andrewsi,2
271a9ce9-c6d3-4b63-a722-cb0adc48863f,typestatus,paratype of pheidole arachnion,9
271a9ce9-c6d3-4b63-a722-cb0adc48863f,typestatus,voucher of fissurella alta| lectotype of fissurella alta,1
271a9ce9-c6d3-4b63-a722-cb0adc48863f,dwc:typeStatus,Paratype of Centruroides tecomanus,2
ba77d411-4179-4dbd-b6c1-39b8a71ae795,typestatus,"holotype. published 1973.armentrout, 1973.",7
b7a79601-c07b-46d5-bd09-d4472b0d9431,dwc:nomenclaturalCode,frontal; parietal; squamosal,2
b7a79601-c07b-46d5-bd09-d4472b0d9431,dwc:nomenclaturalCode,"tooth, molar; premaxilla",1
b7a79601-c07b-46d5-bd09-d4472b0d9431,typestatus,"voucher of <a href=\"http://arctos.database.museum/name/equus conversidens\">equus conversidens</a>, page 53 in <a href=\"http://arctos.database.museum/publication/10004547\">harris and porter 1980</a>",4
b7a79601-c07b-46d5-bd09-d4472b0d9431,typestatus,"voucher of <a href=\"http://arctos.database.museum/name/megalonyx wheatleyi\">megalonyx wheatleyi</a>, page 655 in <a href=\"http://arctos.database.museum/publication/10007812\">mcdonald and morgan 2011.</a>; basis of illustration of <a href=\"http://arctos.database.museum/name/megalonyx wheatleyi\">megalonyx wheatleyi</a>, page 292 in <a href=\"http://arctos.database.museum/publication/10007609\">morgan and harris 2014</a>",1
5ab348ab-439a-4697-925c-d6abe0c09b92,dwc:preparations,"Tibia, left proximal",2
5ab348ab-439a-4697-925c-d6abe0c09b92,dwc:preparations,misc. postcranial bones,1
5ab348ab-439a-4697-925c-d6abe0c09b92,dwc:preparations,preipheral frag,1
271a9ce9-c6d3-4b63-a722-cb0adc48863f,dwc:typeStatus,Syntype of Poroblattina lakesii,1
5ab348ab-439a-4697-925c-d6abe0c09b92,dwc:preparations,shell & external mold,47
5ab348ab-439a-4697-925c-d6abe0c09b92,dwc:preparations,R METACARPAL,13
271a9ce9-c6d3-4b63-a722-cb0adc48863f,dwc:island,Hope,6
71b8ffab-444e-43f9-9a9c-5c42b0eaa5eb,dwc:preparations,R DENTARY; P/4-M/1-M/2 (P/4-M/1 BROKEN; DENTARY IN 2 PIECES),1
71b8ffab-444e-43f9-9a9c-5c42b0eaa5eb,dwc:preparations,"16 L JAWS, 9 R JAWS",1
5ab348ab-439a-4697-925c-d6abe0c09b92,dwc:preparations,"HUMERUS FRAGS,CORACOID,CARPOMETACARPUS",1
71b8ffab-444e-43f9-9a9c-5c42b0eaa5eb,dwc:preparations,SKULL ELEMENT?,1
71b8ffab-444e-43f9-9a9c-5c42b0eaa5eb,dwc:preparations,"PARTIAL SKULL; L & R JAWS, L MAX, 14 POSTCRANIALS",1
5ab348ab-439a-4697-925c-d6abe0c09b92,dwc:preparations,Left Astragalus,3
5ab348ab-439a-4697-925c-d6abe0c09b92,dwc:preparations,L DP2-DP4/,1
5ab348ab-439a-4697-925c-d6abe0c09b92,dwc:preparations,CRANIUM+HORN CORE,1
71b8ffab-444e-43f9-9a9c-5c42b0eaa5eb,dwc:preparations,R JAW ANTERIOR WITH 4 T/#,1
5ab348ab-439a-4697-925c-d6abe0c09b92,dwc:preparations,"plastron+shell frags, assoc",1
5ab348ab-439a-4697-925c-d6abe0c09b92,dwc:preparations,R DENTARY W C1-M4,1
40250f4d-7aa6-4fcc-ac38-2868fa4846bd,dwc:reproductiveCondition,"buds, flrs",6
71b8ffab-444e-43f9-9a9c-5c42b0eaa5eb,dwc:preparations,LIMB BONES & FRAGS,2
5ab348ab-439a-4697-925c-d6abe0c09b92,dwc:preparations,misc. including part jaw and skull of Tersomius in matrix,1
5ab348ab-439a-4697-925c-d6abe0c09b92,dwc:preparations,fused costals,1
271a9ce9-c6d3-4b63-a722-cb0adc48863f,dwc:typeStatus,Voucher of Palaeopalaemon newberryi| Voucher of Palaeopalaemon newberryi,2
271a9ce9-c6d3-4b63-a722-cb0adc48863f,dwc:typeStatus,Voucher of Plectranthias longimanus,1
271a9ce9-c6d3-4b63-a722-cb0adc48863f,dwc:typeStatus,Holotype of Breviraja atripinna,1
271a9ce9-c6d3-4b63-a722-cb0adc48863f,dwc:typeStatus,Voucher of Bigalea clathra,3
271a9ce9-c6d3-4b63-a722-cb0adc48863f,typestatus,syntype of cylindrella colorata,1
ba77d411-4179-4dbd-b6c1-39b8a71ae795,dwc:typeStatus,"Syntype. Published 2007.Journal of Paleontology, 81(2): 331-351. 2007 Fig 4.18.",1
2ec3b31e-c86b-4ce9-b265-77c8c3f9643c,dwc:country,Venezuela,2
271a9ce9-c6d3-4b63-a722-cb0adc48863f,typestatus,holotype of thesea hebes| additional material of evacis hebes,1
271a9ce9-c6d3-4b63-a722-cb0adc48863f,typestatus,syntype of helix metcalfii,2
271a9ce9-c6d3-4b63-a722-cb0adc48863f,dwc:typeStatus,Syntype of Urocoptis hidalgoi,1
271a9ce9-c6d3-4b63-a722-cb0adc48863f,typestatus,paratype of hypselostoma insularum,1
2ec3b31e-c86b-4ce9-b265-77c8c3f9643c,dwc:nomenclaturalCode,"skin; skin; skin; skin; skin; skin; skin; skin sample; skull; tissue (frozen); tissue (frozen); tissue (frozen); tissue (frozen); tissue (frozen); tissue (frozen); tissue (frozen); tissue (frozen); tissue (frozen); tissue (frozen); tissue (frozen); tissue (frozen); tissue (frozen); tissue (frozen); hair (frozen); hair (frozen); hair (frozen); exoskeleton; dentary; muscle (frozen); muscle (frozen); muscle (frozen); muscle (frozen); bone (frozen); bone (frozen); bone (frozen); bone (frozen); bone (frozen); bone (frozen); bone (frozen); skeleton, postcranial; skeleton, postcranial; skeleton, postcranial; unknown; bone marrow (frozen); bone marrow (frozen); bone marrow (frozen); bone marrow (frozen); bone marrow (frozen); hair; unknown; unknown; muscle (frozen); muscle (frozen); unknown; unknown; hair; hair; hair; vertebra; hair; hair; hair; hair; skeleton, appendicular; hoof wall; unknown; hair (frozen); tibia; skeleton, appendicular; unknown; hair; hair; hair; dentary sample; tibia sample; hair sample; skeleton, postcranial sample; hair sample",1
271a9ce9-c6d3-4b63-a722-cb0adc48863f,dwc:typeStatus,Paratype of Mesabolivar levii,1
271a9ce9-c6d3-4b63-a722-cb0adc48863f,dwc:typeStatus,Paratype of Cerion (Stophiops) mcleani,1
7b0809fb-fd62-4733-8f40-74ceb04cbcac,dwc:preparations,Dry - 3; Dry - 12,1
7b0809fb-fd62-4733-8f40-74ceb04cbcac,dwc:preparations,Dry - 7; Dry - 15; Dry - 1; Dry - 1,1
db3181c9-48dd-489f-96ab-a5888f5a938c,dwc:preparations,100% prepped - 575,1
271a9ce9-c6d3-4b63-a722-cb0adc48863f,typestatus,voucher of callavia broeggeri,5
271a9ce9-c6d3-4b63-a722-cb0adc48863f,dwc:typeStatus,Paratype of Clausilia penangensis,1
271a9ce9-c6d3-4b63-a722-cb0adc48863f,dwc:island,Kaledupa Island,2
271a9ce9-c6d3-4b63-a722-cb0adc48863f,dwc:preparations,skeleton (dry); egg (formalin/70% ethanol),1
271a9ce9-c6d3-4b63-a722-cb0adc48863f,dwc:typeStatus,Voucher of Hyperlioceras walkeri| Voucher of Hyperlioceras walkeri,1
271a9ce9-c6d3-4b63-a722-cb0adc48863f,typestatus,voucher of clavilithes parisiensis,23
271a9ce9-c6d3-4b63-a722-cb0adc48863f,typestatus,voucher of palmerella mortoni| voucher of palmerella mortoni,5
271a9ce9-c6d3-4b63-a722-cb0adc48863f,typestatus,voucher of rhaphanocrinus subnodosus,17
271a9ce9-c6d3-4b63-a722-cb0adc48863f,dwc:typeStatus,Type of Sericoderus subtilis,1
271a9ce9-c6d3-4b63-a722-cb0adc48863f,typestatus,paratype of elxis coreanus,1
5ab348ab-439a-4697-925c-d6abe0c09b92,dwc:preparations,DP3-DP4+M1-M2,1
5ab348ab-439a-4697-925c-d6abe0c09b92,dwc:preparations,l dentary w m/2-m/3,3
71b8ffab-444e-43f9-9a9c-5c42b0eaa5eb,dwc:preparations,2 C#/,1
5ab348ab-439a-4697-925c-d6abe0c09b92,dwc:preparations,"left dentary, juvenile",2
71b8ffab-444e-43f9-9a9c-5c42b0eaa5eb,dwc:preparations,"2 L JAWS, SKULL FRAG",1
5ab348ab-439a-4697-925c-d6abe0c09b92,dwc:preparations,R DENTARY W CHEEK TEETH,1
5ab348ab-439a-4697-925c-d6abe0c09b92,dwc:preparations,PERIPHERAL 5 FRAG,5
5ab348ab-439a-4697-925c-d6abe0c09b92,dwc:preparations,L DENTARY FRAG W M,17
71b8ffab-444e-43f9-9a9c-5c42b0eaa5eb,dwc:preparations,L P/3-P/4 | Cast,3
271a9ce9-c6d3-4b63-a722-cb0adc48863f,dwc:typeStatus,Holotype of Stenoonops cletus,1
84c24d87-e4ad-4165-8e86-5ae1a249c196,dwc:preparations,crusher tooth,4
84c24d87-e4ad-4165-8e86-5ae1a249c196,dwc:preparations,dorsal centrum,32
84c24d87-e4ad-4165-8e86-5ae1a249c196,dwc:preparations,P2-M2,3
71b8ffab-444e-43f9-9a9c-5c42b0eaa5eb,dwc:preparations,"ASSOCIATED PARTIAL SKULL, L P2/-P3/-P4/-M1/-M2/-M3/, & L DENTARY P/3-P/4-M/1-M/2-M/3",1
71b8ffab-444e-43f9-9a9c-5c42b0eaa5eb,dwc:preparations,R MAXILLA M4/,1
271a9ce9-c6d3-4b63-a722-cb0adc48863f,typestatus,voucher of parasphaerorthoceras,1
271a9ce9-c6d3-4b63-a722-cb0adc48863f,dwc:typeStatus,voucher of Anodontoides leotaudi,1
271a9ce9-c6d3-4b63-a722-cb0adc48863f,dwc:typeStatus,Holotype of Cidaris desori| Voucher of Cidaris desori,2
5ab348ab-439a-4697-925c-d6abe0c09b92,dwc:preparations,"shell, plant material",6
5ab348ab-439a-4697-925c-d6abe0c09b92,dwc:preparations,?podial,8
271a9ce9-c6d3-4b63-a722-cb0adc48863f,typestatus,lectotype of chrysogaster nigrivittata,1
271a9ce9-c6d3-4b63-a722-cb0adc48863f,typestatus,holotype of paraschmidtella perforata,1
271a9ce9-c6d3-4b63-a722-cb0adc48863f,typestatus,holotype of eustala innoxia,1
271a9ce9-c6d3-4b63-a722-cb0adc48863f,typestatus,paratype of paladin rosei,4
271a9ce9-c6d3-4b63-a722-cb0adc48863f,dwc:typeStatus,Syntype of Eurycea tynerensis| Paralectotype of Eurycea tynerensis,1
271a9ce9-c6d3-4b63-a722-cb0adc48863f,dwc:typeStatus,Voucher of Lingulella quadrilateralis,5
271a9ce9-c6d3-4b63-a722-cb0adc48863f,typestatus,lectotype of holciophorus serripes,1
271a9ce9-c6d3-4b63-a722-cb0adc48863f,typestatus,holotype of neostasina oualie,1
271a9ce9-c6d3-4b63-a722-cb0adc48863f,dwc:typeStatus,Syntype of Myrmecocystus melliger mendax var. comatus,3
271a9ce9-c6d3-4b63-a722-cb0adc48863f,typestatus,voucher of ceratoisis flexibilis| syntype of isis flexibilis,1
271a9ce9-c6d3-4b63-a722-cb0adc48863f,dwc:typeStatus,Holotype of Agathis velatus,1
271a9ce9-c6d3-4b63-a722-cb0adc48863f,typestatus,voucher of bresslauilla relicta,1
271a9ce9-c6d3-4b63-a722-cb0adc48863f,dwc:typeStatus,Paratype of Macrophiothrix megapoma,1
271a9ce9-c6d3-4b63-a722-cb0adc48863f,dwc:typeStatus,Syntype of Benthesicymus tanneri,7
db3181c9-48dd-489f-96ab-a5888f5a938c,dwc:preparations,in vial - 49,1
db3181c9-48dd-489f-96ab-a5888f5a938c,dwc:preparations,0% prepped - 37,1
db3181c9-48dd-489f-96ab-a5888f5a938c,dwc:country,Republic of Cuba,20
271a9ce9-c6d3-4b63-a722-cb0adc48863f,typestatus,syntype of hyperolius spatzi,1
271a9ce9-c6d3-4b63-a722-cb0adc48863f,dwc:preparations,whole animal (95% ethanol); DNA (frozen); DNA (frozen); DNA (frozen); DNA (frozen),4
271a9ce9-c6d3-4b63-a722-cb0adc48863f,dwc:typeStatus,Holotype of Adamsoceras transversum| Holotype of Adamsoceras billingsi,1
271a9ce9-c6d3-4b63-a722-cb0adc48863f,dwc:preparations,whole animal (alcohol); whole animal (alcohol); whole animal (alcohol),3
271a9ce9-c6d3-4b63-a722-cb0adc48863f,dwc:typeStatus,Holotype of Melania formosa,1
271a9ce9-c6d3-4b63-a722-cb0adc48863f,typestatus,type of bradytus glacialis,1
71b8ffab-444e-43f9-9a9c-5c42b0eaa5eb,dwc:preparations,R DENTARY P/3-P/4-M/1,1
5ab348ab-439a-4697-925c-d6abe0c09b92,dwc:preparations,lower incisors,1
5ab348ab-439a-4697-925c-d6abe0c09b92,dwc:preparations,misc jaws,2
71b8ffab-444e-43f9-9a9c-5c42b0eaa5eb,dwc:preparations,"JAW POSTERIOR, M/2-M/3",1
81316846-80cb-4913-8941-b31537761eb0,dwc:preparations,pharyngeal plate fragments and tooth,1
5ab348ab-439a-4697-925c-d6abe0c09b92,dwc:preparations,"/L M,/R P",1
5ab348ab-439a-4697-925c-d6abe0c09b92,dwc:preparations,partial r dentary w molar,2
71b8ffab-444e-43f9-9a9c-5c42b0eaa5eb,dwc:preparations,"JAWS, L P/3-P/4, M/2; R M/1-M/3",1
5ab348ab-439a-4697-925c-d6abe0c09b92,dwc:preparations,l lower incisor,4
0220907a-0463-4ae0-8a0b-77f5e80fff40,dwc:country,Saudi Arabia,2
71b8ffab-444e-43f9-9a9c-5c42b0eaa5eb,dwc:preparations,2 L M/1; 8 R M/1,1
5ab348ab-439a-4697-925c-d6abe0c09b92,dwc:preparations,r M1 in maxilla fragment,3
71b8ffab-444e-43f9-9a9c-5c42b0eaa5eb,dwc:preparations,"341 L JAWS, 363 R JAWS",1
71b8ffab-444e-43f9-9a9c-5c42b0eaa5eb,dwc:preparations,VERY IMPERFECT TELEOST SKELETON,2
5ab348ab-439a-4697-925c-d6abe0c09b92,dwc:preparations,HYOMANDIBULAR,8
71b8ffab-444e-43f9-9a9c-5c42b0eaa5eb,dwc:preparations,"R P/4 IN JAW, ALVEOLI FOR I/#-P/3",1
71b8ffab-444e-43f9-9a9c-5c42b0eaa5eb,dwc:preparations,PARTIAL M#/ IN MAX FRAG,1
5ab348ab-439a-4697-925c-d6abe0c09b92,dwc:preparations,phalanges+metapodial,1
271a9ce9-c6d3-4b63-a722-cb0adc48863f,typestatus,syntype of parajotus obscurofemoratus,1
271a9ce9-c6d3-4b63-a722-cb0adc48863f,typestatus,paratype of helix sabuletorum,1
271a9ce9-c6d3-4b63-a722-cb0adc48863f,dwc:typeStatus,Syntype of Raninops fornicata,1
271a9ce9-c6d3-4b63-a722-cb0adc48863f,dwc:typeStatus,Lectotype of Bembidium cordatum,1
271a9ce9-c6d3-4b63-a722-cb0adc48863f,typestatus,paratype of conopsis biserialis,1
271a9ce9-c6d3-4b63-a722-cb0adc48863f,dwc:island,Castle Island,5
2c2cc29c-3572-4568-a129-c8cbec34ccbe,dwc:country,UNITED  STATES,38
667c2736-bcd3-4a6a-abf4-db5d2dc815c4,dwc:preparations,fossil - 2; C&S - 1,1
5ab348ab-439a-4697-925c-d6abe0c09b92,dwc:preparations,seed wings,10
271a9ce9-c6d3-4b63-a722-cb0adc48863f,typestatus,paratype of eleutherodactylus cavernicola,2
271a9ce9-c6d3-4b63-a722-cb0adc48863f,dwc:typeStatus,Lectotype of Lathrobium nitidulum,1
271a9ce9-c6d3-4b63-a722-cb0adc48863f,dwc:typeStatus,Holotype of Tachys bolus,1
271a9ce9-c6d3-4b63-a722-cb0adc48863f,dwc:typeStatus,Paratype of Algiroides bequaerti,7
271a9ce9-c6d3-4b63-a722-cb0adc48863f,dwc:typeStatus,Paratype of Stenamma cusuco,2
271a9ce9-c6d3-4b63-a722-cb0adc48863f,dwc:typeStatus,Paratype of Camponotus armstrongi,2
271a9ce9-c6d3-4b63-a722-cb0adc48863f,typestatus,voucher of formica integra,2
271a9ce9-c6d3-4b63-a722-cb0adc48863f,typestatus,holotype of aegithaliscus fuliginosus scurrula,1
271a9ce9-c6d3-4b63-a722-cb0adc48863f,typestatus,paratype of pristella aubynei,1
271a9ce9-c6d3-4b63-a722-cb0adc48863f,typestatus,additional material of unio lutulentus,1
271a9ce9-c6d3-4b63-a722-cb0adc48863f,dwc:island,Gonuz Key,1
271a9ce9-c6d3-4b63-a722-cb0adc48863f,typestatus,holotype of hoplophryne rogersi,1
271a9ce9-c6d3-4b63-a722-cb0adc48863f,typestatus,holotype of pityophagus cephalotes,1
271a9ce9-c6d3-4b63-a722-cb0adc48863f,typestatus,voucher of astarte montagui,2
271a9ce9-c6d3-4b63-a722-cb0adc48863f,typestatus,holotype of persephonaster echinulatus,1
271a9ce9-c6d3-4b63-a722-cb0adc48863f,dwc:typeStatus,Voucher of Hippothoa flagellum,1
271a9ce9-c6d3-4b63-a722-cb0adc48863f,typestatus,paratype of neometra gorgonia,1
271a9ce9-c6d3-4b63-a722-cb0adc48863f,dwc:typeStatus,Genetic Voucher of Glycymeris tenuicostata,1
271a9ce9-c6d3-4b63-a722-cb0adc48863f,dwc:sex,"multiple , male , female",2
271a9ce9-c6d3-4b63-a722-cb0adc48863f,typestatus,paralectotype of artediellus nigripinnis,1
271a9ce9-c6d3-4b63-a722-cb0adc48863f,typestatus,paratype of cryptacanthodes maculatus,1
db3181c9-48dd-489f-96ab-a5888f5a938c,dwc:preparations,100% prepped - 464,2
271a9ce9-c6d3-4b63-a722-cb0adc48863f,dwc:typeStatus,Holotype of Cyclophorus fernandezi occidentalis,1
271a9ce9-c6d3-4b63-a722-cb0adc48863f,dwc:typeStatus,Holotype of Sillus coloratus,1
271a9ce9-c6d3-4b63-a722-cb0adc48863f,dwc:typeStatus,Paratype of Peckhamia prescotti,8
271a9ce9-c6d3-4b63-a722-cb0adc48863f,typestatus,syntype of marphysa floridana,4
ba77d411-4179-4dbd-b6c1-39b8a71ae795,typestatus,"holotype. published 2005.the veliger 47(4):277-293 (nov. 30, 2005) fig 39, 40, 41.",1
271a9ce9-c6d3-4b63-a722-cb0adc48863f,typestatus,type of alpheus transversodactylus,1
271a9ce9-c6d3-4b63-a722-cb0adc48863f,typestatus,paratype of oxypygides lapidicina,1
271a9ce9-c6d3-4b63-a722-cb0adc48863f,typestatus,paratype of cerion christophei,1
271a9ce9-c6d3-4b63-a722-cb0adc48863f,typestatus,paratype of perideriopsis mvulaensis,1
271a9ce9-c6d3-4b63-a722-cb0adc48863f,dwc:typeStatus,Syntype of Unio auroreus,1
271a9ce9-c6d3-4b63-a722-cb0adc48863f,typestatus,type of mesodon perigraptus,2
271a9ce9-c6d3-4b63-a722-cb0adc48863f,typestatus,syntype of drillia thea var. carminura,1
271a9ce9-c6d3-4b63-a722-cb0adc48863f,typestatus,holotype of vertigo costata,1
271a9ce9-c6d3-4b63-a722-cb0adc48863f,dwc:typeStatus,Plastotype (Paleontology) of Pseudodiadema rhodani,2
271a9ce9-c6d3-4b63-a722-cb0adc48863f,typestatus,syntype of oreohelix strigosa var. castanea,1
71b8ffab-444e-43f9-9a9c-5c42b0eaa5eb,dwc:preparations,"L MAX FRAG, M1/-M3/ | Cast",1
5ab348ab-439a-4697-925c-d6abe0c09b92,dwc:preparations,right lower incisor,4
5ab348ab-439a-4697-925c-d6abe0c09b92,dwc:preparations,"vertebrae, skull fragments, ribs",1
271a9ce9-c6d3-4b63-a722-cb0adc48863f,dwc:typeStatus,Paratype of Lasius xerophilus,3
271a9ce9-c6d3-4b63-a722-cb0adc48863f,dwc:typeStatus,Syntype of Atella alcippe interposita,1
271a9ce9-c6d3-4b63-a722-cb0adc48863f,dwc:typeStatus,Holotype of Pheidole kugleri,1
271a9ce9-c6d3-4b63-a722-cb0adc48863f,dwc:typeStatus,Paralectotype of Anolis marmoratus speciosus,4
271a9ce9-c6d3-4b63-a722-cb0adc48863f,typestatus,paratype of anolis cupreus spilomelas,3
271a9ce9-c6d3-4b63-a722-cb0adc48863f,typestatus,paratype of stenocercus prionotus,6
71b8ffab-444e-43f9-9a9c-5c42b0eaa5eb,dwc:preparations,2 HUMERUS; 2 CARPOMETACARPUS; 1 TARSOMETATARSUS; ALL INCOMPLETE,1
71b8ffab-444e-43f9-9a9c-5c42b0eaa5eb,dwc:preparations,"L DENTARY, P/2-P/3-P/4",2
71b8ffab-444e-43f9-9a9c-5c42b0eaa5eb,dwc:preparations,?M1/,2
81316846-80cb-4913-8941-b31537761eb0,dwc:preparations,entocuniform ®,1
71b8ffab-444e-43f9-9a9c-5c42b0eaa5eb,dwc:preparations,"R JAW RAMUS, BROKEN P/4, M/1-M/3",1
71b8ffab-444e-43f9-9a9c-5c42b0eaa5eb,dwc:preparations,"JAW WITH ALL T/# BOTH SIDES, DP/2-P/3-P/4 IN PLACE, M/2 ERUPTING",1
5ab348ab-439a-4697-925c-d6abe0c09b92,dwc:preparations,"L FORELIMB, 18 PHALANGIAL BONES, AND 8 HOOVES",1
271a9ce9-c6d3-4b63-a722-cb0adc48863f,dwc:typeStatus,Syntype of Conopsoides larvalis,1
271a9ce9-c6d3-4b63-a722-cb0adc48863f,dwc:island,Ekero,3
271a9ce9-c6d3-4b63-a722-cb0adc48863f,dwc:typeStatus,Voucher of Finkelnburgia,1
5ab348ab-439a-4697-925c-d6abe0c09b92,dwc:preparations,partial carapace and plaston,1
5ab348ab-439a-4697-925c-d6abe0c09b92,dwc:preparations,"Humerus, right.",2
271a9ce9-c6d3-4b63-a722-cb0adc48863f,dwc:typeStatus,Voucher of Pleuronautilis sp,2
271a9ce9-c6d3-4b63-a722-cb0adc48863f,dwc:typeStatus,Holotype of Geomys tuza goffi,1
271a9ce9-c6d3-4b63-a722-cb0adc48863f,dwc:typeStatus,Paratype of Clypeaster pallidus,1
271a9ce9-c6d3-4b63-a722-cb0adc48863f,dwc:typeStatus,Holotype of Geomys floridanus austrinus,1
271a9ce9-c6d3-4b63-a722-cb0adc48863f,dwc:typeStatus,Syntype of Leucandra johnstonii,1
271a9ce9-c6d3-4b63-a722-cb0adc48863f,dwc:typeStatus,Holotype of Letheobia toritensis,1
271a9ce9-c6d3-4b63-a722-cb0adc48863f,typestatus,syntype of frevillea sigsbei,2
271a9ce9-c6d3-4b63-a722-cb0adc48863f,typestatus,figured of angulaticeras charmassei,1
271a9ce9-c6d3-4b63-a722-cb0adc48863f,typestatus,syntype of goniopecten demonstrans,1
271a9ce9-c6d3-4b63-a722-cb0adc48863f,typestatus,paratype of ophiacantha trachybactra,1
271a9ce9-c6d3-4b63-a722-cb0adc48863f,typestatus,paratype of amphiura arcystata,6
271a9ce9-c6d3-4b63-a722-cb0adc48863f,dwc:typeStatus,Holotype of Archiacia sandalina| Voucher of Archiacia sandalina,1
271a9ce9-c6d3-4b63-a722-cb0adc48863f,dwc:typeStatus,Additional Material of Corallistes asterodiscus,2
271a9ce9-c6d3-4b63-a722-cb0adc48863f,dwc:typeStatus,Type of Helisoma binneyi,1
271a9ce9-c6d3-4b63-a722-cb0adc48863f,typestatus,holotype of caecum laqueatum| voucher of caecum laqueatum,1
271a9ce9-c6d3-4b63-a722-cb0adc48863f,typestatus,plastotype (paleontology) of griesbachites pseudomedleyanus timorensis,1
271a9ce9-c6d3-4b63-a722-cb0adc48863f,dwc:typeStatus,Holotype of Goniobasis dickinsoni,1
271a9ce9-c6d3-4b63-a722-cb0adc48863f,typestatus,type of hemicystiles stellatus,3
271a9ce9-c6d3-4b63-a722-cb0adc48863f,typestatus,paratype of tubaia voyana rapaensis,1
271a9ce9-c6d3-4b63-a722-cb0adc48863f,typestatus,holotype of oxyptila floridana,1
271a9ce9-c6d3-4b63-a722-cb0adc48863f,typestatus,syntype of melania cybele,1
ba77d411-4179-4dbd-b6c1-39b8a71ae795,typestatus,"hypotype. fig. 5 (no. 2). published 2013.kiel, s. & k. amano, 2013. \"the earliest bathymodiolin mussels: an evaluation of eocene and oligocene taxa from deep-sea methane seep deposits in western washington state, usa\" j. paleont. 87(4): 589-602.",1
81316846-80cb-4913-8941-b31537761eb0,dwc:preparations,associated partial dorsal osteoderms,1
5ab348ab-439a-4697-925c-d6abe0c09b92,dwc:preparations,"P3, juv",1
71b8ffab-444e-43f9-9a9c-5c42b0eaa5eb,dwc:preparations,M1 OR M2?,4
71b8ffab-444e-43f9-9a9c-5c42b0eaa5eb,dwc:preparations,"A+B, PARTIAL; CLAVICLES; POOR",1
40250f4d-7aa6-4fcc-ac38-2868fa4846bd,dwc:reproductiveCondition,yellow flowers,1
7b0809fb-fd62-4733-8f40-74ceb04cbcac,dwc:preparations,Dry - 3; Digital image - 5,2
271a9ce9-c6d3-4b63-a722-cb0adc48863f,typestatus,holotype of antipathes arborea| figured of antipathes arborea,1
271a9ce9-c6d3-4b63-a722-cb0adc48863f,typestatus,paratype of aparallactus jacksonii oweni,6
271a9ce9-c6d3-4b63-a722-cb0adc48863f,dwc:typeStatus,Voucher of Agelenopsis utahana,6
271a9ce9-c6d3-4b63-a722-cb0adc48863f,dwc:typeStatus,Voucher of Phidippus johnsoni,3
271a9ce9-c6d3-4b63-a722-cb0adc48863f,dwc:typeStatus,Holotype of Permopsylla anomala,1
271a9ce9-c6d3-4b63-a722-cb0adc48863f,dwc:preparations,whole animal: tissue (RNAlater); cDNA library (frozen: -80°C),1
5082e6c8-8f5b-4bf6-a930-e3e6de7bf6fb,typestatus,"holotype of lygus oligocaenica statz & wagner, 1950",1
5ab348ab-439a-4697-925c-d6abe0c09b92,dwc:preparations,Borings in Pecten shell. Batch.,1
5ab348ab-439a-4697-925c-d6abe0c09b92,dwc:preparations,"Ulna, distal fragment",3
271a9ce9-c6d3-4b63-a722-cb0adc48863f,dwc:typeStatus,Additional Material of Oonops ronoxus,1
271a9ce9-c6d3-4b63-a722-cb0adc48863f,dwc:typeStatus,Paratype of Dibamus taylori,4
5ab348ab-439a-4697-925c-d6abe0c09b92,dwc:preparations,R DENTARY p/3-m2,3
271a9ce9-c6d3-4b63-a722-cb0adc48863f,typestatus,paratype of thaumastas (thaumastiella) occidentalis debilisculptus,1
271a9ce9-c6d3-4b63-a722-cb0adc48863f,dwc:typeStatus,Holotype of Kleemania mariewigginsiae,1
271a9ce9-c6d3-4b63-a722-cb0adc48863f,typestatus,paratype of strophiops exigua,1
2ec3b31e-c86b-4ce9-b265-77c8c3f9643c,dwc:nomenclaturalCode,"tooth, molar; tooth, premolar; dentary; tooth, incisor",1
ba77d411-4179-4dbd-b6c1-39b8a71ae795,dwc:typeStatus,"Paratype. Published 2005.The Veliger 47(4):259-276 (Nov. 30, 2005) Fig 37.",1
271a9ce9-c6d3-4b63-a722-cb0adc48863f,dwc:typeStatus,Voucher of Myctophum phengodes,2
271a9ce9-c6d3-4b63-a722-cb0adc48863f,dwc:typeStatus,Paratype of Cincinnatia parva,1
271a9ce9-c6d3-4b63-a722-cb0adc48863f,typestatus,type of lanx subrotundata,1
271a9ce9-c6d3-4b63-a722-cb0adc48863f,dwc:typeStatus,Lectotype of Turritella costulata,1
271a9ce9-c6d3-4b63-a722-cb0adc48863f,dwc:typeStatus,Holotype of Tenuipalpus vexus,1
271a9ce9-c6d3-4b63-a722-cb0adc48863f,typestatus,syntype of diplommatina pyra,1
271a9ce9-c6d3-4b63-a722-cb0adc48863f,typestatus,syntype of achatinella nattii,1
271a9ce9-c6d3-4b63-a722-cb0adc48863f,typestatus,paratype of lanistes congicus schepmani,1
271a9ce9-c6d3-4b63-a722-cb0adc48863f,typestatus,syntype of pardosa pallida,1
271a9ce9-c6d3-4b63-a722-cb0adc48863f,dwc:typeStatus,Holotype of Theridion armouri,1
271a9ce9-c6d3-4b63-a722-cb0adc48863f,typestatus,syntype of leiobunum giganteum,1
271a9ce9-c6d3-4b63-a722-cb0adc48863f,dwc:typeStatus,Paratype? of Fijiodesmus suprenans,2
271a9ce9-c6d3-4b63-a722-cb0adc48863f,typestatus,type of phyllocoptes amagydalina,1
271a9ce9-c6d3-4b63-a722-cb0adc48863f,dwc:typeStatus,Holotype of Icius diminutus,1
271a9ce9-c6d3-4b63-a722-cb0adc48863f,dwc:typeStatus,Lectotype of Strophiops ralla,1
271a9ce9-c6d3-4b63-a722-cb0adc48863f,typestatus,paratype of ctenotaenia variabilis,1
271a9ce9-c6d3-4b63-a722-cb0adc48863f,dwc:typeStatus,Holotype of Cesonia notata,1
271a9ce9-c6d3-4b63-a722-cb0adc48863f,dwc:typeStatus,Paratype of Urocoptis whittumi,2
271a9ce9-c6d3-4b63-a722-cb0adc48863f,typestatus,paratype of urocoptis whittumi,2
271a9ce9-c6d3-4b63-a722-cb0adc48863f,typestatus,paratype of cerion sanctamariae,1
271a9ce9-c6d3-4b63-a722-cb0adc48863f,dwc:typeStatus,Type of Rhinocricus insulatus,1
137ed4cd-5172-45a5-acdb-8e1de9a64e32,dwc:preparations,well slide; well slide; dry,2
71b8ffab-444e-43f9-9a9c-5c42b0eaa5eb,dwc:preparations,R M1/; L M1/; PALATE WITH L M1/-M2/,1
5ab348ab-439a-4697-925c-d6abe0c09b92,dwc:preparations,lower dp,2
271a9ce9-c6d3-4b63-a722-cb0adc48863f,dwc:typeStatus,Additional Material of Mangora eberhardi,5
271a9ce9-c6d3-4b63-a722-cb0adc48863f,typestatus,voucher of icius similis,1
271a9ce9-c6d3-4b63-a722-cb0adc48863f,dwc:typeStatus,Paratype of Protereisma directum,2
71b8ffab-444e-43f9-9a9c-5c42b0eaa5eb,dwc:preparations,"R DENTARY, UPPER",2
71b8ffab-444e-43f9-9a9c-5c42b0eaa5eb,dwc:preparations,"2 PARTIAL SKULLS, IMMATURE; R JAW; 36 POSTCRANIALS",1
5ab348ab-439a-4697-925c-d6abe0c09b92,dwc:preparations,C CROWN,1
5ab348ab-439a-4697-925c-d6abe0c09b92,dwc:preparations,ceratohyl,1
271a9ce9-c6d3-4b63-a722-cb0adc48863f,dwc:typeStatus,Paralectotype of Lauxania albovittata,2
271a9ce9-c6d3-4b63-a722-cb0adc48863f,dwc:typeStatus,Holotype? of Alipes multicostis intermedius,1
271a9ce9-c6d3-4b63-a722-cb0adc48863f,typestatus,holotype of bumastus aplatus| holotype of bumastoides aplatus,1
271a9ce9-c6d3-4b63-a722-cb0adc48863f,typestatus,holotype of desmognathus abditus,1
271a9ce9-c6d3-4b63-a722-cb0adc48863f,dwc:typeStatus,Syntype of Glyphocrangon spinulosa,2
271a9ce9-c6d3-4b63-a722-cb0adc48863f,typestatus,paratype of bertrana laselva,7
271a9ce9-c6d3-4b63-a722-cb0adc48863f,typestatus,type of isopenthes jaennickeana,2
271a9ce9-c6d3-4b63-a722-cb0adc48863f,dwc:typeStatus,Voucher of Heilprinia caloosaensis,1
271a9ce9-c6d3-4b63-a722-cb0adc48863f,dwc:typeStatus,Holotype of Orthoporus walkeri,1
271a9ce9-c6d3-4b63-a722-cb0adc48863f,dwc:typeStatus,Holotype of Agriognatha rucilla,1
271a9ce9-c6d3-4b63-a722-cb0adc48863f,dwc:typeStatus,Paratype of Rhinocricus suprenans,1
271a9ce9-c6d3-4b63-a722-cb0adc48863f,typestatus,syntype of ophiacantha stellata,3
271a9ce9-c6d3-4b63-a722-cb0adc48863f,typestatus,holotype of pensacola peckhami,1
271a9ce9-c6d3-4b63-a722-cb0adc48863f,dwc:typeStatus,Voucher of Lingulella franklinensis,4
271a9ce9-c6d3-4b63-a722-cb0adc48863f,typestatus,voucher of diphyphyllum panicum,2
271a9ce9-c6d3-4b63-a722-cb0adc48863f,typestatus,topotype of pachydactylus punctatus punctatus,1
271a9ce9-c6d3-4b63-a722-cb0adc48863f,dwc:typeStatus,Holotype of Chondrodesmus virgatus frater,1
271a9ce9-c6d3-4b63-a722-cb0adc48863f,dwc:typeStatus,Type of Sciomyza manca,30
71b8ffab-444e-43f9-9a9c-5c42b0eaa5eb,dwc:preparations,R DENTARY WITH INCISOR,1
5ab348ab-439a-4697-925c-d6abe0c09b92,dwc:preparations,"CERVICAL VERTEBRA,PM/,M",1
5ab348ab-439a-4697-925c-d6abe0c09b92,dwc:preparations,opercula+other assorted elements,1
81316846-80cb-4913-8941-b31537761eb0,dwc:preparations,digested premax/rostral/dentary tooth,2
5ab348ab-439a-4697-925c-d6abe0c09b92,dwc:preparations,"NAVICULAR ?,SCAPHOID",1
5ab348ab-439a-4697-925c-d6abe0c09b92,dwc:preparations,Post Dorsal Vertebra,2
5ab348ab-439a-4697-925c-d6abe0c09b92,dwc:preparations,"astragalus, distal tibia",1
5ab348ab-439a-4697-925c-d6abe0c09b92,dwc:preparations,"P FRAGS/,M FRAGS/",1
71b8ffab-444e-43f9-9a9c-5c42b0eaa5eb,dwc:preparations,"12 L, 4 R PARTIAL JAWS; 11 L, 13 R HUMERI",1
71b8ffab-444e-43f9-9a9c-5c42b0eaa5eb,dwc:preparations,R P2/-P3/,4
71b8ffab-444e-43f9-9a9c-5c42b0eaa5eb,dwc:preparations,"L DENTARY (4), BROKEN",1
5ab348ab-439a-4697-925c-d6abe0c09b92,dwc:preparations,ant skeleton,3
5ab348ab-439a-4697-925c-d6abe0c09b92,dwc:preparations,L skull P4 M3,1
5ab348ab-439a-4697-925c-d6abe0c09b92,dwc:preparations,C7,6
271a9ce9-c6d3-4b63-a722-cb0adc48863f,dwc:typeStatus,Syntype of Cidaris alata| Voucher of Cidaris alata| Voucher of Cidaris alata,1
271a9ce9-c6d3-4b63-a722-cb0adc48863f,dwc:typeStatus,Voucher of Echidna polyzona,1
271a9ce9-c6d3-4b63-a722-cb0adc48863f,dwc:typeStatus,Paratype of Tropidophis haetianus hemerus,3
271a9ce9-c6d3-4b63-a722-cb0adc48863f,dwc:typeStatus,Syntype of Hydrochus variolatus,1
271a9ce9-c6d3-4b63-a722-cb0adc48863f,dwc:typeStatus,Holotype of Brevipalpus physali,1
271a9ce9-c6d3-4b63-a722-cb0adc48863f,dwc:typeStatus,Paratype of Planorbis centimetralis,1
271a9ce9-c6d3-4b63-a722-cb0adc48863f,dwc:typeStatus,Paratype of Helix chamaeleon,1
271a9ce9-c6d3-4b63-a722-cb0adc48863f,dwc:typeStatus,Paratype of Paludina turbinata,1
271a9ce9-c6d3-4b63-a722-cb0adc48863f,dwc:typeStatus,Voucher of Abyssobrotula galathae,1
5ab348ab-439a-4697-925c-d6abe0c09b92,dwc:preparations,Right dentary w/ i-p4,1
71b8ffab-444e-43f9-9a9c-5c42b0eaa5eb,dwc:preparations,M/3 (2),1
5ab348ab-439a-4697-925c-d6abe0c09b92,dwc:preparations,"PROX METACARPAL,DIST RADIUS",1
5ab348ab-439a-4697-925c-d6abe0c09b92,dwc:preparations,L LATERAL PLATE FRAG,1
81316846-80cb-4913-8941-b31537761eb0,dwc:preparations,partial tusk,1
5ab348ab-439a-4697-925c-d6abe0c09b92,dwc:preparations,left dentary w m/2-m/3,2
71b8ffab-444e-43f9-9a9c-5c42b0eaa5eb,dwc:preparations,JAW WITH L M/1; R M/1,1
5ab348ab-439a-4697-925c-d6abe0c09b92,dwc:preparations,SACRAL VERTEBRA FUSED,1
271a9ce9-c6d3-4b63-a722-cb0adc48863f,typestatus,type of necrocydnus senior,3
271a9ce9-c6d3-4b63-a722-cb0adc48863f,typestatus,holotype of monophlebus simplex,1
271a9ce9-c6d3-4b63-a722-cb0adc48863f,typestatus,type of parodarmistus caducus,2
5ab348ab-439a-4697-925c-d6abe0c09b92,dwc:preparations,"RMx/, LMx/ frags",1
71b8ffab-444e-43f9-9a9c-5c42b0eaa5eb,dwc:preparations,"SPECIMEN MINUS HEAD, GOOD",1
71b8ffab-444e-43f9-9a9c-5c42b0eaa5eb,dwc:preparations,L P3/ LINGUAL PART,1
71b8ffab-444e-43f9-9a9c-5c42b0eaa5eb,dwc:preparations,"PARTIAL JAW, P/2",1
71b8ffab-444e-43f9-9a9c-5c42b0eaa5eb,dwc:preparations,DISTAL L ULNA,1
271a9ce9-c6d3-4b63-a722-cb0adc48863f,typestatus,holotype of drepanodon eatoni,1
271a9ce9-c6d3-4b63-a722-cb0adc48863f,typestatus,holotype of pheidole noar,1
271a9ce9-c6d3-4b63-a722-cb0adc48863f,typestatus,holotype of aparallactus uluguruensis,2
271a9ce9-c6d3-4b63-a722-cb0adc48863f,dwc:typeStatus,Syntype of Kalotermes simplicicornis,1
271a9ce9-c6d3-4b63-a722-cb0adc48863f,dwc:typeStatus,Syntype of Sulcastrella clausa,1
271a9ce9-c6d3-4b63-a722-cb0adc48863f,dwc:sex,"male 3, female",2
271a9ce9-c6d3-4b63-a722-cb0adc48863f,typestatus,voucher of strongylostoma elongatum spinosum,1
271a9ce9-c6d3-4b63-a722-cb0adc48863f,dwc:typeStatus,Syntype of Baccha conformis,2
271a9ce9-c6d3-4b63-a722-cb0adc48863f,dwc:typeStatus,Voucher of Raphiophorus semicostatus,2
271a9ce9-c6d3-4b63-a722-cb0adc48863f,typestatus,syntype of eugorgia daniana| additional material of eugorgia daniana,2
271a9ce9-c6d3-4b63-a722-cb0adc48863f,dwc:typeStatus,Allotype of Systenita incerta,1
271a9ce9-c6d3-4b63-a722-cb0adc48863f,typestatus,holotype of ardea herodias cognata,1
271a9ce9-c6d3-4b63-a722-cb0adc48863f,dwc:typeStatus,Genetic Voucher of Anolis carolinensis,139
271a9ce9-c6d3-4b63-a722-cb0adc48863f,dwc:island,Likiep Atoll,2
271a9ce9-c6d3-4b63-a722-cb0adc48863f,typestatus,lectotype of dineutes angustus,1
271a9ce9-c6d3-4b63-a722-cb0adc48863f,dwc:typeStatus,Lectotype of Rana esculenta perezi,1
5082e6c8-8f5b-4bf6-a930-e3e6de7bf6fb,typestatus,"holotype of oligogypona haupti statz, 1950",1
5082e6c8-8f5b-4bf6-a930-e3e6de7bf6fb,typestatus,"figured of mycomyia rondani, 1856",1
271a9ce9-c6d3-4b63-a722-cb0adc48863f,dwc:typeStatus,Syntype of Paludina contectoides| Voucher of Paludina contectoides| Voucher of Paludina contectoides,1
271a9ce9-c6d3-4b63-a722-cb0adc48863f,dwc:typeStatus,Allotype of Caribula longimana,1
271a9ce9-c6d3-4b63-a722-cb0adc48863f,typestatus,topotype of bufo bufo spinosus,1
271a9ce9-c6d3-4b63-a722-cb0adc48863f,dwc:typeStatus,Syntype of Corbicula colonialis,1
271a9ce9-c6d3-4b63-a722-cb0adc48863f,dwc:typeStatus,Syntype of Bittium filosum esuriens,1
271a9ce9-c6d3-4b63-a722-cb0adc48863f,typestatus,voucher of globigerina dubia,1
271a9ce9-c6d3-4b63-a722-cb0adc48863f,typestatus,paratype of pisidium lermondi,1
b7a79601-c07b-46d5-bd09-d4472b0d9431,dwc:nomenclaturalCode,pubis; ischium,1
71b8ffab-444e-43f9-9a9c-5c42b0eaa5eb,dwc:preparations,JAW FRAG IN CONCRETION,1
71b8ffab-444e-43f9-9a9c-5c42b0eaa5eb,dwc:preparations,MAX WITH P3/-M2/ | Cast,1
71b8ffab-444e-43f9-9a9c-5c42b0eaa5eb,dwc:preparations,R P/1-M/3; L C/#-M/1; L P3/; L M1/; R M2/ IN PARTIAL JAWS & JAW FRAGS,1
71b8ffab-444e-43f9-9a9c-5c42b0eaa5eb,dwc:preparations,"HUMERUS, ULNA, VERTEBRA, RADIUS, PELVIS",1
71b8ffab-444e-43f9-9a9c-5c42b0eaa5eb,dwc:preparations,LARGE METATARSAL; 3 PHALANGES; SECTION OF LIMB BONE,1
5ab348ab-439a-4697-925c-d6abe0c09b92,dwc:preparations,Crania frags,1
271a9ce9-c6d3-4b63-a722-cb0adc48863f,typestatus,plastotype (paleontology) of maeonia grandis,1
271a9ce9-c6d3-4b63-a722-cb0adc48863f,dwc:typeStatus,Holotype of Clypeopygus orbignyanus| Voucher of Echinobrissus orbignyanus,1
271a9ce9-c6d3-4b63-a722-cb0adc48863f,dwc:typeStatus,Holotype of Phymaturus punae,1
1ba0bbad-28a7-4c50-8992-a028f79d1dc5,dwc:country,RUSSIA,9
271a9ce9-c6d3-4b63-a722-cb0adc48863f,typestatus,lectotype of colenis impunctata,1
271a9ce9-c6d3-4b63-a722-cb0adc48863f,typestatus,syntype of scaphander bathymophilus| syntype of atys ? bathymophila,1
271a9ce9-c6d3-4b63-a722-cb0adc48863f,typestatus,paratype of pseudocordylus spinosus,1
271a9ce9-c6d3-4b63-a722-cb0adc48863f,typestatus,paralectotype of brachypalpus frontosus,2
271a9ce9-c6d3-4b63-a722-cb0adc48863f,typestatus,holotype of hesperalia nans,1
271a9ce9-c6d3-4b63-a722-cb0adc48863f,dwc:preparations,partial animal (carded),5
271a9ce9-c6d3-4b63-a722-cb0adc48863f,typestatus,holotype of candoia paulsoni mcdowelli,1
271a9ce9-c6d3-4b63-a722-cb0adc48863f,typestatus,syntype of favosites ramulosus,1
271a9ce9-c6d3-4b63-a722-cb0adc48863f,typestatus,holotype of myiarchus crinitus boreus,1
271a9ce9-c6d3-4b63-a722-cb0adc48863f,dwc:preparations,skull (dry); skeleton (dry); hide (dry); skeleton (dry) sample; skeleton (dry) sample,1
271a9ce9-c6d3-4b63-a722-cb0adc48863f,typestatus,holotype of agelaius subniger,1
271a9ce9-c6d3-4b63-a722-cb0adc48863f,dwc:typeStatus,Syntype of Chloroperla strandi,1
271a9ce9-c6d3-4b63-a722-cb0adc48863f,dwc:typeStatus,Type of Harpalus obliquus,1
d11f19ae-e946-4a0e-83e5-2052ae8cca62,dwc:preparations,"fossil specimen, 73",3
84c24d87-e4ad-4165-8e86-5ae1a249c196,dwc:preparations,cast of lower cheek tooth row,1
84c24d87-e4ad-4165-8e86-5ae1a249c196,dwc:preparations,skull and anterior postcranial skeleton,1
271a9ce9-c6d3-4b63-a722-cb0adc48863f,typestatus,holotype of medetera flaviseta,1
271a9ce9-c6d3-4b63-a722-cb0adc48863f,typestatus,paratype of sphaerodactylus copei astreptus,2
271a9ce9-c6d3-4b63-a722-cb0adc48863f,typestatus,syntype of onuphis crassisetosa,1
271a9ce9-c6d3-4b63-a722-cb0adc48863f,typestatus,holotype of eleutherodactylus audanti audanti,1
271a9ce9-c6d3-4b63-a722-cb0adc48863f,typestatus,syntype of cephennium corporosum,1
271a9ce9-c6d3-4b63-a722-cb0adc48863f,dwc:typeStatus,Paratype of Phenacosaurus richteri,3
271a9ce9-c6d3-4b63-a722-cb0adc48863f,dwc:typeStatus,Paratype of Descanso formosus,2
271a9ce9-c6d3-4b63-a722-cb0adc48863f,typestatus,holotype of stenotabanus sordidatus,1
271a9ce9-c6d3-4b63-a722-cb0adc48863f,typestatus,paratype of monilimetra poecila,2
271a9ce9-c6d3-4b63-a722-cb0adc48863f,typestatus,allotype? of thaumasia connexa,1
5ab348ab-439a-4697-925c-d6abe0c09b92,dwc:preparations,right frag mandible with /m1-2,1
2d47501f-dbed-43ce-a9c3-9c8542648ce4,dwc:identificationQualifier,C. Merbs cultivar,1
5082e6c8-8f5b-4bf6-a930-e3e6de7bf6fb,typestatus,"figured of libellula ceres hagen, 1863",1
271a9ce9-c6d3-4b63-a722-cb0adc48863f,typestatus,holotype of acroteta polita,1
271a9ce9-c6d3-4b63-a722-cb0adc48863f,typestatus,holotype of nebria purpurata,1
271a9ce9-c6d3-4b63-a722-cb0adc48863f,typestatus,holotype of cryptoserphus hamiferus,1
271a9ce9-c6d3-4b63-a722-cb0adc48863f,dwc:typeStatus,Voucher of Conus,1
271a9ce9-c6d3-4b63-a722-cb0adc48863f,typestatus,type of trypanorhynchus sedatus,1
271a9ce9-c6d3-4b63-a722-cb0adc48863f,typestatus,holotype of necrochromus cockerelli,1
271a9ce9-c6d3-4b63-a722-cb0adc48863f,typestatus,lectotype of pterostichus texanus,1
271a9ce9-c6d3-4b63-a722-cb0adc48863f,typestatus,holotype of eleutherodactylus bakeri heminota,1
271a9ce9-c6d3-4b63-a722-cb0adc48863f,typestatus,paratype of acanthurus triostegus sandvicensis,1
271a9ce9-c6d3-4b63-a722-cb0adc48863f,dwc:typeStatus,Syntype of Azteca chartifex multinida,1
71b8ffab-444e-43f9-9a9c-5c42b0eaa5eb,dwc:preparations,"PARTIAL JAW, L I/#, L P/4",1
71b8ffab-444e-43f9-9a9c-5c42b0eaa5eb,dwc:preparations,SKULL FRAGMENT: OCCIPITAL CONDYLE,1
5ab348ab-439a-4697-925c-d6abe0c09b92,dwc:preparations,"P FRAGS,/M1 FRAG",1
71b8ffab-444e-43f9-9a9c-5c42b0eaa5eb,dwc:preparations,L P4/-M1/-M2/-M3/; R M1/ BROKEN; M2/-M3/; ASSOCIATED,1
71b8ffab-444e-43f9-9a9c-5c42b0eaa5eb,dwc:preparations,"R M#/, R TIBIA",1
0e162e0a-bf3e-4710-9357-44258ca12abb,dwc:country,Croatia,1
84c24d87-e4ad-4165-8e86-5ae1a249c196,dwc:preparations,partial skull (juvenile),1
84c24d87-e4ad-4165-8e86-5ae1a249c196,dwc:preparations,scute frags. (unassociated),2
84c24d87-e4ad-4165-8e86-5ae1a249c196,dwc:preparations,maxilla fragment w/ 4 cheek teeth,1
271a9ce9-c6d3-4b63-a722-cb0adc48863f,dwc:typeStatus,Holotype of Coelambus femoratus,1
271a9ce9-c6d3-4b63-a722-cb0adc48863f,typestatus,syntype of formica perpilosa,2
271a9ce9-c6d3-4b63-a722-cb0adc48863f,typestatus,syntype of ophiomusium planum,3
271a9ce9-c6d3-4b63-a722-cb0adc48863f,dwc:typeStatus,Syntype of Oabius tabiphilus,1
271a9ce9-c6d3-4b63-a722-cb0adc48863f,typestatus,holotype of faronus isabellae,1
271a9ce9-c6d3-4b63-a722-cb0adc48863f,dwc:preparations,partial animal (95% ethanol); partial animal (dry),1
271a9ce9-c6d3-4b63-a722-cb0adc48863f,typestatus,paratype of steatocranus mpozoensis,1
271a9ce9-c6d3-4b63-a722-cb0adc48863f,typestatus,holotype of ijimaia antillarum,1
271a9ce9-c6d3-4b63-a722-cb0adc48863f,typestatus,genetic voucher of emarginula variegata| genetic voucher of emarginula variegata,1
271a9ce9-c6d3-4b63-a722-cb0adc48863f,dwc:typeStatus,Syntype of Amphiura maxima,1
271a9ce9-c6d3-4b63-a722-cb0adc48863f,dwc:typeStatus,Holotype of Ophiothrix propinqua,1
271a9ce9-c6d3-4b63-a722-cb0adc48863f,typestatus,paratype of etmopterus robinsi,2
271a9ce9-c6d3-4b63-a722-cb0adc48863f,typestatus,lectotype of achatina turricula,1
271a9ce9-c6d3-4b63-a722-cb0adc48863f,typestatus,paratype of helix (nanina) rubricata| paratype? of helix (nanina) rubricata,1
271a9ce9-c6d3-4b63-a722-cb0adc48863f,typestatus,paratype of pterodesmus moderatus,1
271a9ce9-c6d3-4b63-a722-cb0adc48863f,dwc:typeStatus,Paratype of Tellina puella| Voucher of Tellina puella,1
271a9ce9-c6d3-4b63-a722-cb0adc48863f,dwc:typeStatus,Paratype of Ovula variabilis,2
271a9ce9-c6d3-4b63-a722-cb0adc48863f,dwc:typeStatus,Paralectotype of Cardium serratum sybariticum,1
271a9ce9-c6d3-4b63-a722-cb0adc48863f,typestatus,paratype of mesoplophora (parplophora) flavida,1
271a9ce9-c6d3-4b63-a722-cb0adc48863f,typestatus,holotype of lithobius numius,1
271a9ce9-c6d3-4b63-a722-cb0adc48863f,typestatus,holotype of camillina balboa,1
271a9ce9-c6d3-4b63-a722-cb0adc48863f,dwc:typeStatus,Paratype of Stigmaeus arcticus,1
271a9ce9-c6d3-4b63-a722-cb0adc48863f,typestatus,holotype of nodocion rufithoracicus,1
271a9ce9-c6d3-4b63-a722-cb0adc48863f,dwc:typeStatus,Holotype of Habrocestum luculentum,1
271a9ce9-c6d3-4b63-a722-cb0adc48863f,dwc:typeStatus,Voucher of Valvata juliae,2
271a9ce9-c6d3-4b63-a722-cb0adc48863f,dwc:typeStatus,Type of Oryctoscirtetes protogaeum,1
271a9ce9-c6d3-4b63-a722-cb0adc48863f,typestatus,syntype of azteca ulei nigricornis,1
db3181c9-48dd-489f-96ab-a5888f5a938c,dwc:preparations,in matrix � other - 402,1
271a9ce9-c6d3-4b63-a722-cb0adc48863f,dwc:typeStatus,Paratype of Prosogynopora riseri,1
5ab348ab-439a-4697-925c-d6abe0c09b92,dwc:preparations,DENTARY+POSTCRANIAL BONES,1
5ab348ab-439a-4697-925c-d6abe0c09b92,dwc:preparations,"ANT R DENTARY W C+P2-M1,/L P2-M2",1
5ab348ab-439a-4697-925c-d6abe0c09b92,dwc:preparations,Right 3rd molar,1
5ab348ab-439a-4697-925c-d6abe0c09b92,dwc:preparations,plastron; right rear corner,1
40250f4d-7aa6-4fcc-ac38-2868fa4846bd,dwc:identificationQualifier,sw.,1
71b8ffab-444e-43f9-9a9c-5c42b0eaa5eb,dwc:preparations,BODY +; A+B,1
71b8ffab-444e-43f9-9a9c-5c42b0eaa5eb,dwc:preparations,"JAW WITH INCOMPLETE P/3, P/4, M/2 | Cast",1
5ab348ab-439a-4697-925c-d6abe0c09b92,dwc:preparations,VERTEBRAE+OSTEODERMS,1
5ab348ab-439a-4697-925c-d6abe0c09b92,dwc:preparations,jaw in matrix,1
71b8ffab-444e-43f9-9a9c-5c42b0eaa5eb,dwc:preparations,JAW FRAG WITH P/#,1
84c24d87-e4ad-4165-8e86-5ae1a249c196,dwc:preparations,metapodials (juvenile),2
84c24d87-e4ad-4165-8e86-5ae1a249c196,dwc:preparations,articulated vertebra,1
71b8ffab-444e-43f9-9a9c-5c42b0eaa5eb,dwc:preparations,R T/# PLATE,1
5ab348ab-439a-4697-925c-d6abe0c09b92,dwc:preparations,"premaxilla+maxilla fragments, containing several teeth",1
5ab348ab-439a-4697-925c-d6abe0c09b92,dwc:preparations,maxilla frag. w/ M1-M2,1
71b8ffab-444e-43f9-9a9c-5c42b0eaa5eb,dwc:preparations,"LIMB BONES, MAX FRAGS",1
71b8ffab-444e-43f9-9a9c-5c42b0eaa5eb,dwc:preparations,"MS R JAW, M/1-M/2",1
271a9ce9-c6d3-4b63-a722-cb0adc48863f,typestatus,voucher of molpadia barbouri,1
271a9ce9-c6d3-4b63-a722-cb0adc48863f,dwc:typeStatus,Figured of Ussuria waageni,1
271a9ce9-c6d3-4b63-a722-cb0adc48863f,dwc:typeStatus,Voucher of Cyclostoma duffianum,1
271a9ce9-c6d3-4b63-a722-cb0adc48863f,typestatus,other useful citation of myrmecocystus romainei| paratype of myrmecocystus romainei,1
271a9ce9-c6d3-4b63-a722-cb0adc48863f,dwc:typeStatus,Type of Drosophila affinis,1
271a9ce9-c6d3-4b63-a722-cb0adc48863f,dwc:typeStatus,Syntype of Epeira cinerea| Other Useful Citation of Araneus trifolium,1
271a9ce9-c6d3-4b63-a722-cb0adc48863f,dwc:typeStatus,Syntype of Urocoptis sardae montana,1
271a9ce9-c6d3-4b63-a722-cb0adc48863f,dwc:typeStatus,Holotype of Rissoa fortis| Voucher of Rissoa fortis,1
271a9ce9-c6d3-4b63-a722-cb0adc48863f,typestatus,holotype of cerion (strophiops) piraticus,1
271a9ce9-c6d3-4b63-a722-cb0adc48863f,dwc:typeStatus,Holotype of Sphenodesmus sjoestedti,1
271a9ce9-c6d3-4b63-a722-cb0adc48863f,typestatus,paralectotype of leucosyrinx clionella,1
2ec3b31e-c86b-4ce9-b265-77c8c3f9643c,typestatus,"basis of illustration of <a href=\"http://arctos.database.museum/name/curculionidae\">curculionidae</a>, page 15 in <a href=\"http://arctos.database.museum/publication/10006415\">grimaldi and triplehorn 2008</a>",1
271a9ce9-c6d3-4b63-a722-cb0adc48863f,dwc:typeStatus,Holotype of Saitis canalis,1
271a9ce9-c6d3-4b63-a722-cb0adc48863f,typestatus,paratype of vitrinella praecox,1
271a9ce9-c6d3-4b63-a722-cb0adc48863f,typestatus,lectotype of ovula neglecta| voucher of ovula neglecta,1
271a9ce9-c6d3-4b63-a722-cb0adc48863f,typestatus,lectotype of cyclostoma perplicatum,1
271a9ce9-c6d3-4b63-a722-cb0adc48863f,typestatus,syntype of cyclos elegans| lectotype of cyclas elegans,1
271a9ce9-c6d3-4b63-a722-cb0adc48863f,typestatus,syntype of aenicteques chapmani,1
271a9ce9-c6d3-4b63-a722-cb0adc48863f,dwc:typeStatus,Syntype of Diplostyla brevipes,1
271a9ce9-c6d3-4b63-a722-cb0adc48863f,dwc:typeStatus,Paratype of Opisthostoma uranoscopia,1
271a9ce9-c6d3-4b63-a722-cb0adc48863f,typestatus,syntype of apus lucasanus,1
271a9ce9-c6d3-4b63-a722-cb0adc48863f,dwc:typeStatus,Paratype of Mecistocephalus nilgirinus,1
db3181c9-48dd-489f-96ab-a5888f5a938c,dwc:preparations,50 % prepped - 14,1
271a9ce9-c6d3-4b63-a722-cb0adc48863f,typestatus,holotype of lanio leucothorax reversus,1
271a9ce9-c6d3-4b63-a722-cb0adc48863f,typestatus,voucher of roncus transsilvanicus| voucher of roncus transsilvanicus,1
271a9ce9-c6d3-4b63-a722-cb0adc48863f,dwc:typeStatus,Holotype of Hyolithes shaleri| Voucher of Hyolithes shaleri| Voucher of Hyolithes shaleri,1
271a9ce9-c6d3-4b63-a722-cb0adc48863f,dwc:typeStatus,Figured of Ophidion marginatum,3
271a9ce9-c6d3-4b63-a722-cb0adc48863f,typestatus,figured of ophidion marginatum,3
271a9ce9-c6d3-4b63-a722-cb0adc48863f,dwc:typeStatus,Holotype of Polypterus palmas| Voucher of Polypterus palmas,1
271a9ce9-c6d3-4b63-a722-cb0adc48863f,dwc:typeStatus,Syntype of Codoma vittata,1
271a9ce9-c6d3-4b63-a722-cb0adc48863f,dwc:typeStatus,Syntype of Petrolisthes hastatus,1
271a9ce9-c6d3-4b63-a722-cb0adc48863f,typestatus,syntype of habrocestum annae,1
271a9ce9-c6d3-4b63-a722-cb0adc48863f,dwc:preparations,skin (dry); tissue (ethanol: vapor phase nitrogen); tissue (frozen: vapor phase nitrogen); tissue (ethanol: vapor phase nitrogen); skeleton (dry); tissue (95% ethanol: vapor phase nitrogen),1
271a9ce9-c6d3-4b63-a722-cb0adc48863f,dwc:typeStatus,Voucher of Cenoceras granulosum| Voucher of Cenoceras granulosum,3
271a9ce9-c6d3-4b63-a722-cb0adc48863f,dwc:typeStatus,Holotype of Stellula calliope lowei,1
271a9ce9-c6d3-4b63-a722-cb0adc48863f,typestatus,paratype of eleutherodactylus wightmanae,1
71b8ffab-444e-43f9-9a9c-5c42b0eaa5eb,dwc:preparations,"JAW FRAG, TEETH BROKEN OFF",1
71b8ffab-444e-43f9-9a9c-5c42b0eaa5eb,dwc:preparations,CTH FRAG,1
71b8ffab-444e-43f9-9a9c-5c42b0eaa5eb,dwc:country,Australia,2
81316846-80cb-4913-8941-b31537761eb0,dwc:preparations,fragment of petrosal,1
71b8ffab-444e-43f9-9a9c-5c42b0eaa5eb,dwc:preparations,partial skull | mandible,1
71b8ffab-444e-43f9-9a9c-5c42b0eaa5eb,dwc:preparations,LARGE SKULL TABLE; PARTIAL PECTORAL GIRDLE & SOME VERTEBRAE; IN COUNTERPART,1
5ab348ab-439a-4697-925c-d6abe0c09b92,dwc:preparations,"osteoderms+vertebra, unassoc",2
5ab348ab-439a-4697-925c-d6abe0c09b92,dwc:preparations,RM/1 frag.,2
71b8ffab-444e-43f9-9a9c-5c42b0eaa5eb,dwc:preparations,"CANINE, P/3 & P3/",1
5ab348ab-439a-4697-925c-d6abe0c09b92,dwc:preparations,HORN CORE PEDICLE,1
5ab348ab-439a-4697-925c-d6abe0c09b92,dwc:preparations,R distal ulna,1
5ab348ab-439a-4697-925c-d6abe0c09b92,dwc:preparations,partial vertebral spine,2
271a9ce9-c6d3-4b63-a722-cb0adc48863f,dwc:typeStatus,Paratype of Pachycheilus hinkleyi,1
271a9ce9-c6d3-4b63-a722-cb0adc48863f,typestatus,voucher of polystomella crispa,1
271a9ce9-c6d3-4b63-a722-cb0adc48863f,typestatus,paratype of succinea oostoma,1
271a9ce9-c6d3-4b63-a722-cb0adc48863f,dwc:typeStatus,Holotype of Tmeticus longisetosus,1
271a9ce9-c6d3-4b63-a722-cb0adc48863f,dwc:typeStatus,Holotype of Cleopatra schwetzi,1
271a9ce9-c6d3-4b63-a722-cb0adc48863f,typestatus,holotype of anopsicus definitus,1
271a9ce9-c6d3-4b63-a722-cb0adc48863f,typestatus,holotype of xysticus brunneus,1
271a9ce9-c6d3-4b63-a722-cb0adc48863f,typestatus,paratype of lithoglyphopsis globosa,1
271a9ce9-c6d3-4b63-a722-cb0adc48863f,typestatus,syntype of smynthurus amicus,1
271a9ce9-c6d3-4b63-a722-cb0adc48863f,dwc:typeStatus,Neotype of Dytiscus bimarginatus,1
271a9ce9-c6d3-4b63-a722-cb0adc48863f,dwc:typeStatus,Lectotype of Brachyopa notata,1
271a9ce9-c6d3-4b63-a722-cb0adc48863f,typestatus,holotype of calisto sibylla,1
271a9ce9-c6d3-4b63-a722-cb0adc48863f,dwc:island,Pearson,2
271a9ce9-c6d3-4b63-a722-cb0adc48863f,dwc:typeStatus,Paratype of Phaedusa backanensis,1
271a9ce9-c6d3-4b63-a722-cb0adc48863f,dwc:typeStatus,Additional Material of Micrathena furcata,3
271a9ce9-c6d3-4b63-a722-cb0adc48863f,dwc:typeStatus,Holotype of Plicodendrocrinus casei,1
271a9ce9-c6d3-4b63-a722-cb0adc48863f,typestatus,holotype of crinia glauerti,1
5ab348ab-439a-4697-925c-d6abe0c09b92,dwc:preparations,paramedian plate fragments,2
271a9ce9-c6d3-4b63-a722-cb0adc48863f,dwc:typeStatus,Paratype of Aphelidesmus divergens,5
271a9ce9-c6d3-4b63-a722-cb0adc48863f,dwc:typeStatus,Holotype of Petrocrania cicatricula,1
271a9ce9-c6d3-4b63-a722-cb0adc48863f,typestatus,holotype of cryptophyllus nuculopsis,1
271a9ce9-c6d3-4b63-a722-cb0adc48863f,typestatus,syntype of ophiocten amitinum,1
271a9ce9-c6d3-4b63-a722-cb0adc48863f,dwc:typeStatus,Holotype of Stylopoma rotundum,1
271a9ce9-c6d3-4b63-a722-cb0adc48863f,typestatus,voucher of solariella obscura| voucher of turbo obscurus| syntype of turbo obscurus,1
271a9ce9-c6d3-4b63-a722-cb0adc48863f,typestatus,syntype of viciria moesta,1
5ab348ab-439a-4697-925c-d6abe0c09b92,dwc:preparations,dentary w/ I1-M1,1
5ab348ab-439a-4697-925c-d6abe0c09b92,dwc:preparations,axis vertebra,1
71b8ffab-444e-43f9-9a9c-5c42b0eaa5eb,dwc:preparations,DISARTICULATED SKULL; INCLUDES CM 1707A. NOTE: ALL THE PARTS OF WHICH THIS SKULL IS COMPOSED ARE SUPPOSED TO BELONG TOGETHER EXCEPT PERHAPS THE OCCIPITAL CONDYLE & BASIOCCIPITAL (CM 1707A): OAP,1
5ab348ab-439a-4697-925c-d6abe0c09b92,dwc:preparations,/L M2? FRAG,1
71b8ffab-444e-43f9-9a9c-5c42b0eaa5eb,dwc:preparations,"PHALANX & METAPODIAL, ARTICULATED",1
5ab348ab-439a-4697-925c-d6abe0c09b92,dwc:preparations,SCHAPHOLUNAR,1
71b8ffab-444e-43f9-9a9c-5c42b0eaa5eb,dwc:preparations,"R MAX, P2/-P3/-P4/-M1/-M2/-M3/",1
5ab348ab-439a-4697-925c-d6abe0c09b92,dwc:preparations,"R+L DENTARY W P4-M2,R MAXILLA W P4,M2",1
5ab348ab-439a-4697-925c-d6abe0c09b92,dwc:preparations,"partial cranium w P3, M1-4",1
71b8ffab-444e-43f9-9a9c-5c42b0eaa5eb,dwc:preparations,ILIUM FRAG & PUBIS,1
40250f4d-7aa6-4fcc-ac38-2868fa4846bd,dwc:reproductiveCondition,1 flower,1
84c24d87-e4ad-4165-8e86-5ae1a249c196,dwc:preparations,"pes, ungual phalanx I, 2",1
84c24d87-e4ad-4165-8e86-5ae1a249c196,dwc:preparations,cast of P3,1
84c24d87-e4ad-4165-8e86-5ae1a249c196,dwc:preparations,cast of dentary w/ p3 (erupting),1
84c24d87-e4ad-4165-8e86-5ae1a249c196,dwc:preparations,premaxilla tooth (posterior),1
271a9ce9-c6d3-4b63-a722-cb0adc48863f,dwc:typeStatus,Paratype of Quisquicia scitula,2
271a9ce9-c6d3-4b63-a722-cb0adc48863f,dwc:typeStatus,Holotype of Microgloma turnerae,1
271a9ce9-c6d3-4b63-a722-cb0adc48863f,dwc:typeStatus,Type of Merulina rigida,1
271a9ce9-c6d3-4b63-a722-cb0adc48863f,dwc:typeStatus,Holotype of Tegenaria californica,1
271a9ce9-c6d3-4b63-a722-cb0adc48863f,typestatus,holotype of trite lineata,1
271a9ce9-c6d3-4b63-a722-cb0adc48863f,dwc:typeStatus,Paratype? of Plectreurys arida,2
271a9ce9-c6d3-4b63-a722-cb0adc48863f,typestatus,holotype of conotyla extorris,1
271a9ce9-c6d3-4b63-a722-cb0adc48863f,dwc:typeStatus,Paratype of Sonorella dragoonensis,1
271a9ce9-c6d3-4b63-a722-cb0adc48863f,typestatus,paralectotype of helix marquesana,1
271a9ce9-c6d3-4b63-a722-cb0adc48863f,dwc:typeStatus,Type of Sibogita nauarchus,1
271a9ce9-c6d3-4b63-a722-cb0adc48863f,typestatus,type of euphyllia sphenicus,1
271a9ce9-c6d3-4b63-a722-cb0adc48863f,dwc:typeStatus,Paratype of Cyrena maritima,1
271a9ce9-c6d3-4b63-a722-cb0adc48863f,dwc:typeStatus,Syntype of Bithynia umbilicaris,1
271a9ce9-c6d3-4b63-a722-cb0adc48863f,dwc:typeStatus,Paratype of Bulimulus sonorensis,1
271a9ce9-c6d3-4b63-a722-cb0adc48863f,dwc:typeStatus,Paratype of Humboldtiana ferrissiana,1
71b8ffab-444e-43f9-9a9c-5c42b0eaa5eb,dwc:preparations,R M/1 (65),1
5ab348ab-439a-4697-925c-d6abe0c09b92,dwc:preparations,"DENTARY FRAG,METAPODIAL,PHALANX",1
71b8ffab-444e-43f9-9a9c-5c42b0eaa5eb,dwc:preparations,"L JAW, PATHOLOGICAL, HEALED FRACTURE, P/2-P/3-P/4, M/1 ABNORMAL",1
271a9ce9-c6d3-4b63-a722-cb0adc48863f,dwc:typeStatus,Syntype of Eirene medusifera,1
271a9ce9-c6d3-4b63-a722-cb0adc48863f,dwc:typeStatus,Paratype of Ocyropsis crystallina guttata,3
71b8ffab-444e-43f9-9a9c-5c42b0eaa5eb,dwc:preparations,DISTAL L HUMERUS; DISTAL R HUMERUS; PROXIMAL L ULNA,1
71b8ffab-444e-43f9-9a9c-5c42b0eaa5eb,dwc:preparations,NC; ANT 1/3,1
71b8ffab-444e-43f9-9a9c-5c42b0eaa5eb,dwc:preparations,2 LIMB BONES,1
5ab348ab-439a-4697-925c-d6abe0c09b92,dwc:preparations,maxilla w L MX/+ R MX/,1
71b8ffab-444e-43f9-9a9c-5c42b0eaa5eb,dwc:preparations,TRIGONID L /M,1
5ab348ab-439a-4697-925c-d6abe0c09b92,dwc:preparations,TRAPEZIUM ?,1
71b8ffab-444e-43f9-9a9c-5c42b0eaa5eb,dwc:preparations,"PARTIAL JAW R M/2-M/3, SMALL",1
5ab348ab-439a-4697-925c-d6abe0c09b92,dwc:preparations,L PAROCCIPITAL,4
271a9ce9-c6d3-4b63-a722-cb0adc48863f,dwc:preparations,whole animal (pinned); partial animal (pinned); whole animal (pinned),1
271a9ce9-c6d3-4b63-a722-cb0adc48863f,dwc:typeStatus,Holotype of Ulesanis serrata,1
2ec3b31e-c86b-4ce9-b265-77c8c3f9643c,dwc:waterBody,Beaufort Sea,1
271a9ce9-c6d3-4b63-a722-cb0adc48863f,dwc:typeStatus,Paratype of Oxypyge ferruginipes,1
271a9ce9-c6d3-4b63-a722-cb0adc48863f,typestatus,paratype of cyclodesmus pinetorum,1
271a9ce9-c6d3-4b63-a722-cb0adc48863f,typestatus,holotype of liguus crenatus aurantius,1
2ec3b31e-c86b-4ce9-b265-77c8c3f9643c,typestatus,"voucher of <a href=\"http://arctos.database.museum/name/mammut americanum\">mammut americanum</a>, page 3 in <a href=\"http://arctos.database.museum/publication/10007084\">zazula et al. 2014</a>",1
271a9ce9-c6d3-4b63-a722-cb0adc48863f,dwc:typeStatus,Voucher of Ooperipatus birrgus| Genetic Voucher of Ooperipatus birrgus| Genetic Voucher of Ooperipatus birrgus| Voucher of Ooperipatus birrgus,1
b7a79601-c07b-46d5-bd09-d4472b0d9431,dwc:nomenclaturalCode,lunar; astragalus; magnum,1
271a9ce9-c6d3-4b63-a722-cb0adc48863f,dwc:typeStatus,Holotype of Costarina gracias,1
271a9ce9-c6d3-4b63-a722-cb0adc48863f,dwc:typeStatus,Holotype of Aenigmatocystis brisa,1
271a9ce9-c6d3-4b63-a722-cb0adc48863f,dwc:preparations,vertebrae (dry); whole animal (ethanol),1
271a9ce9-c6d3-4b63-a722-cb0adc48863f,typestatus,holotype of denckmannia tumefacta,1
271a9ce9-c6d3-4b63-a722-cb0adc48863f,typestatus,holotype of teleoschistus placatus,1
71b8ffab-444e-43f9-9a9c-5c42b0eaa5eb,dwc:preparations,"PARTIAL SKULL, DORSAL ASPECT, BROKEN MANDIBLE",1
40250f4d-7aa6-4fcc-ac38-2868fa4846bd,dwc:georeferenceVerificationStatus,ed,1
40250f4d-7aa6-4fcc-ac38-2868fa4846bd,dwc:reproductiveCondition,With flowers.,1
6c6f34ed-58a4-4ba2-b9c7-34524f79a349,dwc:country,South West Africa,1
71b8ffab-444e-43f9-9a9c-5c42b0eaa5eb,dwc:preparations,"R P/2-M/1, M/3; ASTRAGALUS; ASSOCIATED",1
5ab348ab-439a-4697-925c-d6abe0c09b92,dwc:preparations,vertebral and bone fragments,1
5ab348ab-439a-4697-925c-d6abe0c09b92,dwc:preparations,numerous limb element fragments,1
71b8ffab-444e-43f9-9a9c-5c42b0eaa5eb,dwc:preparations,"SPINES, NC",1
5ab348ab-439a-4697-925c-d6abe0c09b92,dwc:preparations,SCAPULA PATHOLOGICAL,1
71b8ffab-444e-43f9-9a9c-5c42b0eaa5eb,dwc:preparations,CARAPACE & PLASTRON ANTERIOR PART,1
6c6f34ed-58a4-4ba2-b9c7-34524f79a349,dwc:typeStatus,holotype; holotype; syntype,1
271a9ce9-c6d3-4b63-a722-cb0adc48863f,dwc:typeStatus,Holotype of Leiocephalus barahonensis oxygaster,1
271a9ce9-c6d3-4b63-a722-cb0adc48863f,dwc:island,Protection,1
71b8ffab-444e-43f9-9a9c-5c42b0eaa5eb,dwc:preparations,"3-DIMENSIONAL SKULL, BONE MUCH ERODED",1
71b8ffab-444e-43f9-9a9c-5c42b0eaa5eb,dwc:preparations,R M/2-M/3?,1
5ab348ab-439a-4697-925c-d6abe0c09b92,dwc:preparations,JUV TEETH FRAGS,1
71b8ffab-444e-43f9-9a9c-5c42b0eaa5eb,dwc:preparations,R JAW FRAG; I#/; ULNA,1
5ab348ab-439a-4697-925c-d6abe0c09b92,dwc:preparations,anterior cranium,1
5ab348ab-439a-4697-925c-d6abe0c09b92,dwc:preparations,L dentary frags w p2-m1,1
5ab348ab-439a-4697-925c-d6abe0c09b92,dwc:preparations,"l+r dentary frag preserving symphysis and w/r. C, r+l i1-3 alveolus, l. C root",1
5ab348ab-439a-4697-925c-d6abe0c09b92,dwc:preparations,"l dentary, teeth, calcaneum, astragalus, associated tarsals",1
71b8ffab-444e-43f9-9a9c-5c42b0eaa5eb,dwc:preparations,"3 L JAWS, R MAX",1
0220907a-0463-4ae0-8a0b-77f5e80fff40,dwc:preparations,model; mounted,1
271a9ce9-c6d3-4b63-a722-cb0adc48863f,dwc:typeStatus,Holotype of Anolis vaupesianus,1
271a9ce9-c6d3-4b63-a722-cb0adc48863f,typestatus,holotype of polydactylus persicus,1
84c24d87-e4ad-4165-8e86-5ae1a249c196,dwc:preparations,"maxilla fragment w/ C1, P4 roots",1
84c24d87-e4ad-4165-8e86-5ae1a249c196,dwc:preparations,broken jaw,1
84c24d87-e4ad-4165-8e86-5ae1a249c196,dwc:preparations,carapace (isolated scutes),1
40250f4d-7aa6-4fcc-ac38-2868fa4846bd,dwc:reproductiveCondition,young fruit,1
5ab348ab-439a-4697-925c-d6abe0c09b92,dwc:preparations,ANT DENTARIES,1
71b8ffab-444e-43f9-9a9c-5c42b0eaa5eb,dwc:preparations,SKULL ROOF WITH HORN CORES | Cast,1
71b8ffab-444e-43f9-9a9c-5c42b0eaa5eb,dwc:preparations,"L MAX WITH ALVEOLUS FOR P2/, P3/ & PARTIAL P4/ IN PLACE",1
271a9ce9-c6d3-4b63-a722-cb0adc48863f,typestatus,voucher of nonionella janiformis,1
271a9ce9-c6d3-4b63-a722-cb0adc48863f,typestatus,additional material of eudryas ruthveni| paratype of eudryas ruthveni,2
271a9ce9-c6d3-4b63-a722-cb0adc48863f,typestatus,voucher of salvelinus fontinalis,1
271a9ce9-c6d3-4b63-a722-cb0adc48863f,dwc:typeStatus,Syntype of Syntermes snyderi,1
271a9ce9-c6d3-4b63-a722-cb0adc48863f,typestatus,holotype of nasica beauperthuysii,1
271a9ce9-c6d3-4b63-a722-cb0adc48863f,dwc:typeStatus,Holotype of Scymnus strabus,1
271a9ce9-c6d3-4b63-a722-cb0adc48863f,dwc:typeStatus,Syntype of Cancellus tanneri,1
271a9ce9-c6d3-4b63-a722-cb0adc48863f,typestatus,voucher of brisaster latifrons| syntype of schizaster latifrons,1
271a9ce9-c6d3-4b63-a722-cb0adc48863f,dwc:typeStatus,Voucher of Albiorix parvidentatus,1
271a9ce9-c6d3-4b63-a722-cb0adc48863f,typestatus,voucher of eudiocrinus junceus| paratype of eudiocrinus junceus,1
84c24d87-e4ad-4165-8e86-5ae1a249c196,dwc:preparations,i1 (subadult),1
84c24d87-e4ad-4165-8e86-5ae1a249c196,dwc:preparations,M1 (posterior half),1
271a9ce9-c6d3-4b63-a722-cb0adc48863f,dwc:typeStatus,Holotype of Ophiomitra sertata,1
271a9ce9-c6d3-4b63-a722-cb0adc48863f,dwc:typeStatus,Holotype of Saurothera jamaicensis,1
271a9ce9-c6d3-4b63-a722-cb0adc48863f,dwc:island,Maria Atoll,1
271a9ce9-c6d3-4b63-a722-cb0adc48863f,typestatus,syntype of acanthodactylus cantoris arabicus| additional material of acanthodactylus cantoris arabicus,1
271a9ce9-c6d3-4b63-a722-cb0adc48863f,dwc:typeStatus,Type of Anthrax poecilogaster,1
271a9ce9-c6d3-4b63-a722-cb0adc48863f,typestatus,syntype of bryaxis divergens,1
271a9ce9-c6d3-4b63-a722-cb0adc48863f,dwc:typeStatus,Holotype of Paramarphysa longula,1
271a9ce9-c6d3-4b63-a722-cb0adc48863f,typestatus,holotype of nasutitermes sanctae-crucis,1
271a9ce9-c6d3-4b63-a722-cb0adc48863f,typestatus,lectotype of cylindrella maugeri rufilabris,1
271a9ce9-c6d3-4b63-a722-cb0adc48863f,typestatus,syntype of cystiphyllum plicatum| syntype of cystiphylloides plicatum,1
271a9ce9-c6d3-4b63-a722-cb0adc48863f,typestatus,syntype of cornicularia tibialis,1
271a9ce9-c6d3-4b63-a722-cb0adc48863f,typestatus,paratype of ameiva taeniura pentamerinthus,2
271a9ce9-c6d3-4b63-a722-cb0adc48863f,dwc:typeStatus,Syntype of Ectreposebastes imus,1
271a9ce9-c6d3-4b63-a722-cb0adc48863f,dwc:typeStatus,Syntype of Triorophus laevis,1
271a9ce9-c6d3-4b63-a722-cb0adc48863f,typestatus,type of saprinus plenus,1
271a9ce9-c6d3-4b63-a722-cb0adc48863f,dwc:typeStatus,Paratype of Rivulus holmiae,1
271a9ce9-c6d3-4b63-a722-cb0adc48863f,typestatus,paratype of leucichthys artedi annensis,1
271a9ce9-c6d3-4b63-a722-cb0adc48863f,dwc:typeStatus,Holotype of Totiglobus nimius,1
271a9ce9-c6d3-4b63-a722-cb0adc48863f,typestatus,holotype of plectrotetrophanes hageni,1
5ab348ab-439a-4697-925c-d6abe0c09b92,dwc:preparations,"PODIALS,LIMB BONES,GLENOID FOSSA OF SQUAMOSAL",1
71b8ffab-444e-43f9-9a9c-5c42b0eaa5eb,dwc:preparations,4 HEAD PLATES,1
5ab348ab-439a-4697-925c-d6abe0c09b92,dwc:preparations,right M/1,1
71b8ffab-444e-43f9-9a9c-5c42b0eaa5eb,dwc:preparations,5 R P/4,1
71b8ffab-444e-43f9-9a9c-5c42b0eaa5eb,dwc:preparations,"JAW, FOOT BONES, LIMB BONE FRAGS, VERTEBRAE",1
71b8ffab-444e-43f9-9a9c-5c42b0eaa5eb,dwc:preparations,"4 L M/1, 8 R M/1, 48 MOLARS",1
5ab348ab-439a-4697-925c-d6abe0c09b92,dwc:preparations,"DENTARY,/M1-M3",1
271a9ce9-c6d3-4b63-a722-cb0adc48863f,dwc:typeStatus,Holotype of Constrictor constrictor nebulosus,1
271a9ce9-c6d3-4b63-a722-cb0adc48863f,typestatus,paratype of lasiodora curtior,1
271a9ce9-c6d3-4b63-a722-cb0adc48863f,dwc:typeStatus,Syntype of Spongia cerebriformis var. divisa,1
5ab348ab-439a-4697-925c-d6abe0c09b92,dwc:preparations,dentary frag with m/x,1
271a9ce9-c6d3-4b63-a722-cb0adc48863f,typestatus,paratype of labyrinthocyathus langi,1
271a9ce9-c6d3-4b63-a722-cb0adc48863f,dwc:typeStatus,Type of Micropeplus laticollis,1
271a9ce9-c6d3-4b63-a722-cb0adc48863f,dwc:waterBody,Gulf of Papua,1
271a9ce9-c6d3-4b63-a722-cb0adc48863f,typestatus,voucher of ophidiaster robillardi,1
6c6f34ed-58a4-4ba2-b9c7-34524f79a349,dwc:preparations,Microslide; Oversized; Thin sections no remnants,1
5ab348ab-439a-4697-925c-d6abe0c09b92,dwc:preparations,LDP3 or 4,1
271a9ce9-c6d3-4b63-a722-cb0adc48863f,typestatus,lectotype of favosites convexus| lectotype of emmonsia convexa,1
271a9ce9-c6d3-4b63-a722-cb0adc48863f,dwc:typeStatus,Syntype of Syphonota (Tethys) grandis,1
271a9ce9-c6d3-4b63-a722-cb0adc48863f,typestatus,paratype of prostemmiulus quintarius,1
271a9ce9-c6d3-4b63-a722-cb0adc48863f,typestatus,paratype of newcombia cinnamomea honomuniensis,1
271a9ce9-c6d3-4b63-a722-cb0adc48863f,typestatus,paratype of anthomyza silvatica,2
271a9ce9-c6d3-4b63-a722-cb0adc48863f,dwc:typeStatus,Voucher of Gomophia aegyptiaca,1
271a9ce9-c6d3-4b63-a722-cb0adc48863f,typestatus,voucher of odontaster tenuis,1
5ab348ab-439a-4697-925c-d6abe0c09b92,dwc:preparations,"Wing, legs, and antenna",1
5ab348ab-439a-4697-925c-d6abe0c09b92,dwc:preparations,ACCESSORY OSSICLE,1
71b8ffab-444e-43f9-9a9c-5c42b0eaa5eb,dwc:preparations,JAW MINUS L P/2-M/3 | Cast,1
81316846-80cb-4913-8941-b31537761eb0,dwc:preparations,right unciform,1
71b8ffab-444e-43f9-9a9c-5c42b0eaa5eb,dwc:preparations,"L MAX, PARTIAL JAW, LIMB BONE FRAGS",1
5ab348ab-439a-4697-925c-d6abe0c09b92,dwc:preparations,PALATE W DP3-M2,1
40250f4d-7aa6-4fcc-ac38-2868fa4846bd,dwc:disposition,QCA,3
5ab348ab-439a-4697-925c-d6abe0c09b92,dwc:preparations,"CALCANIUM FRAG,METAPODIAL FRAGS",1
81316846-80cb-4913-8941-b31537761eb0,dwc:preparations,fragment of isolated chevron,1
271a9ce9-c6d3-4b63-a722-cb0adc48863f,dwc:typeStatus,Holotype of Ophiolipus Agassizi,1
271a9ce9-c6d3-4b63-a722-cb0adc48863f,dwc:typeStatus,Syntype of Cambarus hagenianus,1
271a9ce9-c6d3-4b63-a722-cb0adc48863f,typestatus,syntype of curimatus plumbeus| lectotype of curimatus plumbeus,1
271a9ce9-c6d3-4b63-a722-cb0adc48863f,dwc:typeStatus,Holotype of Henicorhina anachoreta,1
271a9ce9-c6d3-4b63-a722-cb0adc48863f,typestatus,holotype of mackenziurus lauriae| voucher of mackenziurus lauriae,1
271a9ce9-c6d3-4b63-a722-cb0adc48863f,dwc:typeStatus,Syntype of Paracrangon hystrix,1
271a9ce9-c6d3-4b63-a722-cb0adc48863f,typestatus,allotype of ommatius pilosus,1
271a9ce9-c6d3-4b63-a722-cb0adc48863f,dwc:typeStatus,Holotype of Notoglanidium pallidum| Voucher of Notoglanidium pallidum,1
271a9ce9-c6d3-4b63-a722-cb0adc48863f,dwc:typeStatus,Holotype of Zaphysema randi,1
271a9ce9-c6d3-4b63-a722-cb0adc48863f,typestatus,paratype of holothuria cumulus,1
271a9ce9-c6d3-4b63-a722-cb0adc48863f,dwc:typeStatus,Voucher of Avascutellum edwardsi,2
271a9ce9-c6d3-4b63-a722-cb0adc48863f,typestatus,paratype of patu digua,1
271a9ce9-c6d3-4b63-a722-cb0adc48863f,dwc:typeStatus,Syntype of Pisidium aequilaterale,1
271a9ce9-c6d3-4b63-a722-cb0adc48863f,typestatus,syntype of acanthochondria platycephali,1
271a9ce9-c6d3-4b63-a722-cb0adc48863f,dwc:typeStatus,Voucher of Silicula mcalesteri| Paratype of Silicula mcalesteri,1
271a9ce9-c6d3-4b63-a722-cb0adc48863f,dwc:typeStatus,Syntype of Pocillopora diomedeae,1
271a9ce9-c6d3-4b63-a722-cb0adc48863f,dwc:typeStatus,Paratype of Hirthia littorina,1
271a9ce9-c6d3-4b63-a722-cb0adc48863f,typestatus,holotype of synnalaxis candei,1
271a9ce9-c6d3-4b63-a722-cb0adc48863f,dwc:typeStatus,Voucher of Dicranurus monstrosus| Voucher of Acidaspis monstrosa| Voucher of Dicranurus monstrosus,1
271a9ce9-c6d3-4b63-a722-cb0adc48863f,dwc:typeStatus,Holotype of Delobius simplex,1
271a9ce9-c6d3-4b63-a722-cb0adc48863f,dwc:typeStatus,Lectotype of Corbula barrattiana,1
271a9ce9-c6d3-4b63-a722-cb0adc48863f,dwc:typeStatus,Type of Goniobasis potosiensis potosiensis,1
271a9ce9-c6d3-4b63-a722-cb0adc48863f,typestatus,paratype of polycelis remota,1
271a9ce9-c6d3-4b63-a722-cb0adc48863f,typestatus,type of balanophyllia elegans,1
271a9ce9-c6d3-4b63-a722-cb0adc48863f,typestatus,holotype of cryptops heathi,1
271a9ce9-c6d3-4b63-a722-cb0adc48863f,dwc:typeStatus,Holotype of Lophocarenum miniatum,1
271a9ce9-c6d3-4b63-a722-cb0adc48863f,dwc:typeStatus,Voucher of Rheophax pilulifera,1
ba77d411-4179-4dbd-b6c1-39b8a71ae795,typestatus,"figured specimen. published 2007.journal of paleontology, 81(2): 331-351. 2007 fig 2.6.",1
271a9ce9-c6d3-4b63-a722-cb0adc48863f,typestatus,lectotype of lymnaea decollata,1
271a9ce9-c6d3-4b63-a722-cb0adc48863f,dwc:typeStatus,Syntype of Geophilus latro,1
1ba0bbad-28a7-4c50-8992-a028f79d1dc5,dwc:preparations,PREP - 635,1
271a9ce9-c6d3-4b63-a722-cb0adc48863f,dwc:typeStatus,Type of Cerithium intermedium,1
271a9ce9-c6d3-4b63-a722-cb0adc48863f,typestatus,holotype of melania rhombica,1
271a9ce9-c6d3-4b63-a722-cb0adc48863f,typestatus,paratype of kimula levii,1
271a9ce9-c6d3-4b63-a722-cb0adc48863f,dwc:typeStatus,Lectotype of Helix selenina,1
271a9ce9-c6d3-4b63-a722-cb0adc48863f,typestatus,cotype of thiara (platymelania) brevissima,1
271a9ce9-c6d3-4b63-a722-cb0adc48863f,typestatus,holotype of strophiops pygmaea,1
271a9ce9-c6d3-4b63-a722-cb0adc48863f,typestatus,paratype of cerion veragum,1
271a9ce9-c6d3-4b63-a722-cb0adc48863f,typestatus,paratype of varicostele lessensis,1
271a9ce9-c6d3-4b63-a722-cb0adc48863f,typestatus,holotype of epeira alba,1
81316846-80cb-4913-8941-b31537761eb0,dwc:preparations,lower hypohyal,1
5ab348ab-439a-4697-925c-d6abe0c09b92,dwc:preparations,/LM1 ant loop frag,1
84c24d87-e4ad-4165-8e86-5ae1a249c196,dwc:preparations,"fragment Mx, lingual 1/2",1
271a9ce9-c6d3-4b63-a722-cb0adc48863f,dwc:typeStatus,Voucher of Achatina pellucens,1
271a9ce9-c6d3-4b63-a722-cb0adc48863f,dwc:typeStatus,Holotype of Bronteus ivanensis,1
271a9ce9-c6d3-4b63-a722-cb0adc48863f,typestatus,paratype of urocoptis chambasensis,2
271a9ce9-c6d3-4b63-a722-cb0adc48863f,dwc:typeStatus,Paratype of Bulimus ochraceus,1
271a9ce9-c6d3-4b63-a722-cb0adc48863f,dwc:typeStatus,Paratype of Urocoptis proteus turgidula,1
271a9ce9-c6d3-4b63-a722-cb0adc48863f,typestatus,paratype of partuk aurantia,1
271a9ce9-c6d3-4b63-a722-cb0adc48863f,dwc:typeStatus,Syntype of Heliophanus peckhami,1
71b8ffab-444e-43f9-9a9c-5c42b0eaa5eb,dwc:preparations,R PP/4,1
667c2736-bcd3-4a6a-abf4-db5d2dc815c4,dwc:country,Guam,1
71b8ffab-444e-43f9-9a9c-5c42b0eaa5eb,dwc:preparations,5 L JAWS EDENTULOUS,1
7b0809fb-fd62-4733-8f40-74ceb04cbcac,dwc:preparations,Dry - 17; Dry - 1; Dry - 3,1
271a9ce9-c6d3-4b63-a722-cb0adc48863f,typestatus,type of amara diffinis,1
271a9ce9-c6d3-4b63-a722-cb0adc48863f,typestatus,paratype of clypeaster ochrus,1
271a9ce9-c6d3-4b63-a722-cb0adc48863f,dwc:typeStatus,Holotype of Prodryas persephone,1
271a9ce9-c6d3-4b63-a722-cb0adc48863f,dwc:typeStatus,Holotype of Pheidole pilispina,1
271a9ce9-c6d3-4b63-a722-cb0adc48863f,typestatus,holotype of atopsyche cubana,1
271a9ce9-c6d3-4b63-a722-cb0adc48863f,typestatus,holotype of heligmasoma errans,1
271a9ce9-c6d3-4b63-a722-cb0adc48863f,dwc:typeStatus,Paratype of Fornax convexicollis,1
271a9ce9-c6d3-4b63-a722-cb0adc48863f,dwc:typeStatus,Paratype of Paludina praerosa,1
271a9ce9-c6d3-4b63-a722-cb0adc48863f,typestatus,voucher of trochammina coronata,1
271a9ce9-c6d3-4b63-a722-cb0adc48863f,typestatus,paratype of amastra kalamaulensis,1
271a9ce9-c6d3-4b63-a722-cb0adc48863f,typestatus,paratype of ennea differens,1
271a9ce9-c6d3-4b63-a722-cb0adc48863f,typestatus,paratype of lithoglyphus rufofilosus,1
271a9ce9-c6d3-4b63-a722-cb0adc48863f,dwc:typeStatus,Paratype of Yoldia montereyensis,1
271a9ce9-c6d3-4b63-a722-cb0adc48863f,dwc:typeStatus,Paratype of Scaphiella litoris,1
271a9ce9-c6d3-4b63-a722-cb0adc48863f,dwc:typeStatus,Figured of Lobianchia gemellarii,1
271a9ce9-c6d3-4b63-a722-cb0adc48863f,typestatus,paratype of hyllus mimus,1
271a9ce9-c6d3-4b63-a722-cb0adc48863f,dwc:typeStatus,Voucher of Ophidiiformes,1
271a9ce9-c6d3-4b63-a722-cb0adc48863f,dwc:typeStatus,Voucher of Salamandra salamandra fastuosa,1
5ab348ab-439a-4697-925c-d6abe0c09b92,dwc:preparations,Maxillary with M1-3,1
84c24d87-e4ad-4165-8e86-5ae1a249c196,dwc:preparations,lower deciduous cheek tooth fragment,1
271a9ce9-c6d3-4b63-a722-cb0adc48863f,dwc:preparations,whole animal (alcohol); whole animal (cleared and stained); whole animal (cleared and stained); whole animal (alcohol),1
271a9ce9-c6d3-4b63-a722-cb0adc48863f,typestatus,syntype of yoldia solenoides,1
271a9ce9-c6d3-4b63-a722-cb0adc48863f,dwc:typeStatus,Syntype of Helix physalis,1
271a9ce9-c6d3-4b63-a722-cb0adc48863f,typestatus,syntype of helix subfusca,1
271a9ce9-c6d3-4b63-a722-cb0adc48863f,dwc:typeStatus,Holotype of Pisaura brevipes,1
271a9ce9-c6d3-4b63-a722-cb0adc48863f,typestatus,paratype of teredo bensoni,1
271a9ce9-c6d3-4b63-a722-cb0adc48863f,dwc:typeStatus,Syntype of Unio pilaris,1
271a9ce9-c6d3-4b63-a722-cb0adc48863f,dwc:typeStatus,Paratype of Neoplanorbis tantillus,1
271a9ce9-c6d3-4b63-a722-cb0adc48863f,typestatus,paratype of alcadia delmonteana,1
271a9ce9-c6d3-4b63-a722-cb0adc48863f,dwc:typeStatus,Paratype of Protoopalina hammondii,1
271a9ce9-c6d3-4b63-a722-cb0adc48863f,dwc:typeStatus,Holotype of Tenuipalpus crescentiae| Paratype of Tenuipalpus crescentiae,1
271a9ce9-c6d3-4b63-a722-cb0adc48863f,typestatus,plastotype (paleontology) of psammechinus caillaudii,1
271a9ce9-c6d3-4b63-a722-cb0adc48863f,typestatus,paratype of thersites mobiagensis,1
5ab348ab-439a-4697-925c-d6abe0c09b92,dwc:preparations,leg fragment,1
84c24d87-e4ad-4165-8e86-5ae1a249c196,dwc:preparations,"radius, missing distal end",1
271a9ce9-c6d3-4b63-a722-cb0adc48863f,typestatus,paratype of macrophiothrix scotia,1
